ticker,layer,archetype,ai_link,first_gap,primary_lens,hypotheses,key_metric,falsifier,next_node,next_node_window,evidence_class
TWST,data_generator,tools,partnership_announced,paid_demand,AI-data supplier; operating leverage,H9;H13;H5;H4,Revenue growth and gross margin by segment; disclosed TuneLab or AI-customer revenue,"FY2027 guide without acceleration, or no AI-attributed revenue disclosed within two quarters",FY2026 Q4 results,Nov 2026 (date unverified),unverified
TXG,data_generator,tools,narrative_only,paid_demand,Instrument launch (Atera) x consumable pull-through,H9;H13;H5,"Atera placements, consumables per active system, gross margin",Atera placements below guidance or consumable pull-through falling,Q3 2026 results,late Oct to mid Nov 2026 (unverified),unverified
DNA,data_generator,ai_platform;tools,partnership_announced,paid_demand,Turnaround platform; runway,H1;H9;H13,"Datapoints revenue, Cell Engineering revenue trend, cash burn",Cell Engineering revenue keeps shrinking while Datapoints stays undisclosed; burn not falling,Q3 2026 results,early Nov 2026 (unverified),unverified
ILMN,data_generator,tools,narrative_only,per_share_value,Profitable incumbent; clinical sequencing cycle,H9;H5,"Clinical consumables growth, NovaSeq X placements, operating margin",Clinical growth decelerates or China and academic drag returns,Q3 2026 results,late Oct to early Nov 2026 (unverified),unverified
PACB,data_generator,tools,narrative_only,paid_demand,Repair story; per-system economics,H1;H9,"Revio pull-through, consumables, cash burn",Pull-through keeps falling; new financing,Q3 2026 results,early Nov 2026 (unverified),unverified
QSI,data_generator,tools,narrative_only,technical,Early technology option; runway,H1;H11,"Proteus launch timing, cash runway",Further Proteus delay or a financing below market,Proteus launch,Q2 2027 (management_guidance),management_guidance
TEM,clinical_genomics_dx,dx_data,revenue_bearing,margin_and_cash,Testing plus data licensing; profitability ex investment gains,H9;H13;H5,"Data and services revenue, adjusted EBITDA, operating cash flow excluding securities gains",Data licensing growth slows or profit depends on unrealized gains,Q3 2026 results,early Nov 2026 (unverified),unverified
GRAL,clinical_genomics_dx,dx_data,narrative_only,paid_demand,Regulatory node then payer node,H3;H13;H12,PMA decision and label; Medicare coverage path; test volume x ASP,"PMA delay, narrow label, or coverage not following approval",FDA PMA decision on Galleri,coming months (company; no date),management_guidance
NTRA,clinical_genomics_dx,dx_data,narrative_only,none_major,Quality compounder in diagnostics,H6;H5,"Signatera volume and ASP, gross margin, FCF",Volume growth below 30% or ASP decline,Q3 2026 results,early Nov 2026 (unverified),unverified
GH,clinical_genomics_dx,dx_data,narrative_only,margin_and_cash,Scale-up toward breakeven; screening (Shield) adoption,H6;H5,"Oncology volume, Shield volume and ASP, cash burn",Guide cut or Shield ASP and coverage stall,Q3 2026 results,2026-10-29 (unverified),unverified
ADPT,clinical_genomics_dx,dx_data,partnership_announced,margin_and_cash,MRD launch drift toward FCF breakeven,H2;H6,"clonoSEQ volume, ASP, adjusted EBITDA, FCF",FCF breakeven target missed,Q3 2026 results,early Nov 2026 (unverified),unverified
CDNA,clinical_genomics_dx,dx_data,not_ai,margin_and_cash,Transplant dx; reimbursement,H6;H13,"Testing volume, ASP, coverage",Coverage or billing setback,Q3 2026 results,early Nov 2026 (unverified),unverified
VCYT,clinical_genomics_dx,dx_data,not_ai,none_major,Genomic classifiers; steady compounder,H6,"Decipher and Afirma volume, margins",Volume deceleration,Q3 2026 results,early Nov 2026 (unverified),unverified
SDGR,ai_drug_design,software;ai_platform,revenue_bearing,margin_and_cash,Software ACV plus pipeline sum of parts,H9;H13;H5,"ACV vs recognized software revenue, pipeline milestones, cash",ACV growth below outlook (218-228M) or pipeline setback,Q3 2026 results,2026-11-05 (unverified),unverified
ABSI,ai_drug_design,ai_platform,narrative_only,outcome,Platform validated by human data,H3;H9;H1,"Clinical data from platform assets, partner milestones in cash, runway",Clinical data miss or partner exits,Next clinical readout,unverified,unverified
CERT,ai_drug_design,software,revenue_bearing,paid_demand,Biosimulation software and services,H6;H9,"Software bookings, services margin, FCF",Software bookings decline,Q3 2026 results,early Nov 2026 (unverified),unverified
ABCL,ai_drug_design,ai_platform,partnership_announced,outcome,Antibody discovery platform moving into own pipeline,H3;H9,"Pipeline milestones, partner royalties, cash",Pipeline setback; cash burn rising,Next clinical data,unverified,unverified
RXRX,ai_drug_design,ai_platform;clinical_binary,revenue_bearing,outcome,Platform validated only by human data,H3;H9;H12,"REC-4881 Phase 2 data, partner milestones received in cash, burn",REC-4881 data underwhelm or partner terminations,REC-4881 additional Phase 2 data,Nov 2026 (management_guidance),management_guidance
CRSP,genomic_medicine,commercial_pharma;clinical_binary,not_ai,paid_demand,Casgevy launch plus in vivo pipeline,H2;H3,"Casgevy patient starts, in vivo data",Launch stalls; in vivo data miss,Next pipeline data,unverified,unverified
NTLA,genomic_medicine,clinical_binary,not_ai,outcome,Phase 3 in vivo editing binary,H3;H1,"Phase 3 data, safety, runway",Safety signal or delay,Phase 3 readouts,unverified,unverified
BEAM,genomic_medicine,clinical_binary,not_ai,outcome,Base editing clinical data,H3;H1,"Clinical data, runway",Data miss or financing at a discount,Next clinical data,unverified,unverified
PRME,genomic_medicine,clinical_binary,not_ai,outcome,Prime editing; small cap runway,H1;H3,"Clinical data, runway",Runway under 12 months without a dated readout,Next clinical data,unverified,unverified
IOVA,launch,launch,not_ai,margin_and_cash,Launch execution vs analogs,H2;H5,"Amtagvi patients infused, revenue vs guidance (410-420M), gross margin, burn",Q3 revenue under the raised guide run-rate or margin stall,Q3 2026 results,early Nov 2026 (unverified),management_guidance
