deal_id,target,target_ticker,acquirer,acquirer_type,announced_on,date_precision,price_per_share_usd,cvr_max_per_share_usd,equity_value_usd_b,premium_last_close_pct,premium_vwap_pct,consideration,lead_asset,stage_at_deal,key_data_before_deal,therapeutic_area,modality,activist_or_review,evidence_class,source_url,note,deal_kind,prior_relationship
TK-2026-01,Pacira BioSciences,PCRX,Viatris,large_generic,2026-10-08,day,36.50,,1.65,,,cash,EXPAREL;ZILRETTA,approved,commercial,pain,small_molecule,yes,unverified,https://www.sec.gov/Archives/edgar/data/0001396814/000110465926114571/tm2627240d2_ex99-1.htm,LTM to 2026-06-30 revenue about USD 746M and adjusted EBITDA about 177M (equity value about 2.2x revenue); DOMA Perpetual proxy contest in 2026 asked for a sale review; volume-limited EXPAREL generic entry from early 2030 under the 2025 settlement; premium not found yet,strategic,unknown
TK-2026-07,Forte Biosciences,FBRX,argenx,biotech,2026-07-27,day,77.00,,2.2,41,86,cash,FB102,phase2,phase1_poc,immunology,antibody,unknown,unverified,https://www.pharmexec.com/view/argenx-acquires-forte-biosciences-2-billion,41% to the prior Friday close; 86% to the VWAP since the 2026-07-09 randomized Phase 1b vitiligo readout (43 patients); deal came 18 days after the data; celiac Phase 2 met its primary endpoint 2026-10-08,strategic,unknown
TK-2026-08,AtaiBeckley,ATAI,Eli Lilly,big_pharma,2026-07-16,day,6.75,2.50,2.8,26,40,cash_cvr,BPL-003;VLS-01,phase2,phase2_randomized,psychiatry,small_molecule,unknown,unverified,https://www.biopharmadive.com/news/lilly-ataibeckley-psychedelics-acquisition-deal-mebufotenin-depression/825425/,"26% to the 2026-07-15 close; 40% to the 30-day VWAP; Phase 2b of BPL-003 positive, Breakthrough designation; CVR on VLS-01 Phase 3 start and approvals",strategic,unknown
TK-2026-03,Crinetics Pharmaceuticals,CRNX,Vertex Pharmaceuticals,big_pharma,2026-07-06,day,85.00,,10.0,102,,cash,PALSONIFY;atumelnant,approved,commercial,endocrinology,small_molecule,unknown,unverified,https://pharmaphorum.com/news/vertex-buys-crinetics-10bn-endocrinology-drive,"Vertex proposed USD 78 (125% premium) by 2026-03-24, raised to 83, board accepted 85; about USD 8.8B net of cash",strategic,unknown
TK-2026-19,Theravance Biopharma,TBPH,Zymeworks,biotech,2026-06-29,day,17.00,,0.929,,,cash_cvr,YUPELRI;TRELEGY royalty;ampreloxetine,approved,commercial,respiratory,small_molecule,unknown,unverified,https://www.pharmaceutical-technology.com/newsletters/zymeworks-to-buy-theravance-biopharma,"CVR is 80% of future ampreloxetine monetisation; the 22% premium quoted is to the 2026-03-03 close (Phase 3 CYPRESS day), not the unaffected close; Bloomberg reported the talks before the announcement",strategic,unknown
TK-2026-06,Apogee Therapeutics,APGE,AbbVie,big_pharma,2026-06-22,approx,135.11,,10.9,49,,cash,zumilokibart (APG777),phase2,phase2_randomized,immunology,antibody,unknown,unverified,https://www.biopharmadive.com/news/abbvie-apogee-acquire-zumilokibart-eczema-drugs/823353/,Sources give June 18 and June 22; premium to the prior Friday close; closed about 2026-09-03,strategic,unknown
TK-2026-05,Nuvalent,NUVL,GSK,big_pharma,2026-06-09,day,124.00,,10.6,40,26,cash,zidesamtinib;neladalkib,filed,phase2_single_arm,oncology,small_molecule,unknown,unverified,https://news.bgov.com/mergers-and-acquisitions/gsk-to-buy-nuvalent-for-10-6-billion-to-expand-in-cancer-drugs,Both lead assets under FDA review (decisions due September and November 2026); pivotal data from Phase 1/2 single-arm trials,strategic,unknown
TK-2026-04,Catalyst Pharmaceuticals,CPRX,Angelini Pharma,private_pharma,2026-05-07,day,31.50,,4.1,21,28,cash,FIRDAPSE;AGAMREE;FYCOMPA,approved,commercial,neurology,small_molecule,unknown,unverified,https://www.thepharmaletter.com/pharma-news/angelini-pharma-to-acquire-catalyst-pharmaceuticals,21% to the unaffected 2026-04-22 close; 28% to the 30-day VWAP,strategic,unknown
TK-2026-17,Esperion Therapeutics,ESPR,ARCHIMED,private_equity,2026-05-01,day,3.16,,,58,,cash_cvr,NEXLETOL;NEXLIZET,approved,commercial,cardiometabolic,small_molecule,unknown,unverified,https://www.nasdaq.com/press-release/esperion-be-acquired-archimed-2026-05-01,Up to USD 100M aggregate CVR milestones; total up to about USD 1.1B equity value with milestones; upfront equity value not computed; premium to the 2026-04-30 close,strategic,unknown
TK-2026-16,KalVista Pharmaceuticals,KALV,Chiesi,private_pharma,2026-04-29,day,27.00,,1.9,40,36,cash,EKTERLY (sebetralstat),approved,commercial,immunology,small_molecule,unknown,unverified,https://news.bloomberglaw.com/mergers-and-acquisitions/chiesi-agrees-to-buy-kalvista-pharmaceuticals-for-1-9-billion,Oral on-demand HAE therapy in launch; premium to the 2026-04-28 close per Bloomberg; 30-day VWAP premium 36%; one source gives about USD 1.5B equity value,strategic,unknown
TK-2026-20,XOMA Royalty,XOMA,Ligand Pharmaceuticals,royalty_or_shell,2026-04-27,day,39.00,,0.739,3,14,cash_cvr,royalty portfolio,approved,commercial,platform,mixed,unknown,unverified,https://www.biospace.com/press-releases/xoma-royalty-announces-closing-of-its-acquisition-by-ligand,Royalty aggregator bought by a royalty aggregator; CVR on 75% of TREMFYA litigation proceeds; sources disagree on the last-close premium (2.9%); 14% to the 30-day VWAP; XOMA itself bought Generation Bio (TK-2026-12),strategic,unknown
TK-2026-15,Soleno Therapeutics,SLNO,Neurocrine Biosciences,mid_pharma,2026-04-06,approx,53.00,,2.9,34,51,cash,VYKAT XR (diazoxide choline),approved,commercial,rare_metabolic,small_molecule,unknown,unverified,https://www.thepharmaletter.com/biotech-news/neurocrine-expands-portfolio-with-buy-of-soleno-therapeutics,"Premium to the 2026-04-02 close; VWAP column is the 30-day VWAP premium; 2025 VYKAT XR revenue about USD 190M; Nasdaq screener files SLNO under medtech, override needed",strategic,unknown
TK-2026-02,Apellis Pharmaceuticals,APLS,Biogen,big_pharma,2026-03-31,day,41.00,4.00,5.6,140,86,cash_cvr,SYFOVRE;EMPAVELI,approved,commercial,ophthalmology,peptide,unknown,unverified,https://www.sec.gov/Archives/edgar/data/1492422/000119312526135019/d133397dex993.htm,140% to the 2026-03-30 close per Biotech Growth Trust; the VWAP column holds the 90-day average premium,strategic,unknown
TK-2026-14,Centessa Pharmaceuticals,CNTA,Eli Lilly,big_pharma,2026-03-31,day,38.00,9.00,6.3,,,cash_cvr,cleminorexton (ORX750),phase2,unknown,neurology,small_molecule,unknown,unverified,https://www.statnews.com/2026/03/31/eli-lilly-centessa-acquire-narcolepsy/,Orexin 2 receptor agonist for narcolepsy and idiopathic hypersomnia; English scheme of arrangement; CVR up to USD 9 on approvals; named in the Truist 2026 takeout survey (seed list 10-08),strategic,unknown
TK-2026-09,Terns Pharmaceuticals,TERN,Merck & Co,big_pharma,2026-03-25,day,53.00,,6.7,6,31,cash,TERN-701,phase1,phase1_poc,oncology,small_molecule,unknown,unverified,https://www.biopharmadive.com/news/merck-terns-acquire-deal-leukemia-drug/,6% to the prior close; the VWAP column holds Merck's 60-day figure (42% to 90-day); stock up about 25% year to date before the deal,strategic,unknown
TK-2026-11,Day One Biopharmaceuticals,DAWN,Servier,private_pharma,2026-03-06,day,21.50,,2.5,68,86,cash,OJEMDA,approved,commercial,oncology,small_molecule,unknown,unverified,https://servier.com/en/newsroom/acquisition-day-one-biopharmaceuticals-rare-oncology/,86% to the one-month VWAP; tender accepted 2026-04-23,strategic,unknown
TK-2026-13,Arcellx,ACLX,Gilead Sciences,big_pharma,2026-02-23,approx,115.00,5.00,7.8,,,cash_cvr,anitocabtagene autoleucel,filed,phase2_single_arm,oncology,cell_therapy,unknown,unverified,https://www.nasdaq.com/articles/gilead-sciences-acquire-arcellx,Gilead (Kite) already partnered anito-cel and held about 11.5% of shares; CVR USD 5 on USD 6B cumulative anito-cel sales by 2029; stage at deal not checked against the BLA timeline,strategic,yes
TK-2026-18,RAPT Therapeutics,RAPT,GSK,big_pharma,2026-01-19,day,58.00,,2.2,65,,cash,ozureprubart,phase2,phase1_poc,immunology,antibody,unknown,unverified,https://www.cooley.com/news/coverage/2026/2026-01-20-gsk-agrees-to-acquire-rapt-therapeutics-for-$2-billion,"Long-acting anti-IgE antibody in Phase 2b for food allergy, in-licensed; premium to the prior Friday close; a fund built a position before the deal per a 13F article (Q-041)",strategic,unknown
TK-2026-12,Generation Bio,GBIO,XOMA Royalty,royalty_or_shell,2026-01-09,approx,4.2913,,,,,cash_cvr,platform (wind-down),preclinical,none,genetic_medicine,gene_therapy,unknown,unverified,https://www.sec.gov/Archives/edgar/data/1733294/000110465926012121/gbio-20260206x8k.htm,"Date is the tender commencement; a cash-shell purchase near net cash, not a strategic takeout; kept for the distressed tail",cash_shell,unknown
TK-2026-10,Ventyx Biosciences,VTYX,Eli Lilly,big_pharma,2026-01-07,day,14.00,,1.2,2,62,cash,VTX3232;VTX2735,phase2,unknown,immunology,small_molecule,unknown,unverified,https://finance.yahoo.com/news/eli-lilly-buy-ventyx-biosciences-212451835.html,2% to the close after media reports lifted the stock 28% in a day; 62% to the 30-day VWAP through 2026-01-05,strategic,unknown
TK-2025-01,Dynavax Technologies,DVAX,Sanofi,big_pharma,2025-12-24,day,15.50,,2.2,39,46,cash,HEPLISAV-B,approved,commercial,vaccines,vaccine,yes,unverified,https://www.barchart.com/story/news/36773289/sanofi-to-acquire-dynavax-adding-a-marketed-adult-hepatitis-b-vaccine-and-phase-1-2-shingles-candidate-to-the-pipeline,"46% to the three-month VWAP; activist flag from recall (Deep Track Capital proxy contest in 2025), verify",strategic,unknown
TK-2025-02,Amicus Therapeutics,FOLD,BioMarin,mid_pharma,2025-12-19,day,14.50,,4.8,33,46,cash,Galafold;Pombiliti+Opfolda,approved,commercial,rare_metabolic,mixed,unknown,unverified,https://www.barchart.com/story/news/36711260/biomarin-to-acquire-amicus-therapeutics-for-4-8-billion-expanding-position-as-a-leader-in-rare-diseases-accelerating-revenue-growth-and-strengthening-financial-outlook,46% to the 30-day VWAP; 58% to the 60-day VWAP,strategic,unknown
TK-2025-03,Cidara Therapeutics,CDTX,Merck & Co,big_pharma,2025-11-14,approx,221.50,,9.2,109,,cash,CD388,phase3,phase2_randomized,infectious_disease,drug_fc_conjugate,unknown,unverified,https://www.mergersight.com/post/merck-s-9-2bn-acquisition-of-cidara-therapeutics,"Sources give 2025-11-04, 11-14 and 11-19; Phase 2b NAVIGATE flu prevention data preceded the deal",strategic,unknown
TK-2025-04,Avidity Biosciences,RNA,Novartis,big_pharma,2025-10-26,approx,72.00,,12.0,46,,cash,del-zota;del-desiran;del-brax,phase3,unknown,neuromuscular,oligonucleotide,unknown,unverified,https://www.novartis.com/news/media-releases/novartis-agrees-acquire-avidity-biosciences-innovator-rna-therapeutics-strengthening-its-late-stage-neuroscience-pipeline,46% to the 2025-10-24 close; early-stage programs spun out to holders,strategic,unknown
TK-2025-12,Avadel Pharmaceuticals,AVDL,Alkermes,mid_pharma,2025-10-22,approx,18.50,1.50,2.1,,,cash_cvr,LUMRYZ,approved,commercial,neurology,small_molecule,unknown,unverified,https://www.goodwinlaw.com/en/insights/publications/2026/02/insights-lifesciences-antc-antitrust-competition-life-sciences-yir-2025,Initial terms; Lundbeck counterbid in November 2025 led to revised terms (verify final),strategic,unknown
TK-2025-22,Astria Therapeutics,ATXS,BioCryst Pharmaceuticals,biotech,2025-10-14,day,13.00,,0.92,54,,cash_stock,navenibart,phase3,phase1_poc,immunology,antibody,unknown,unverified,https://www.thepharmaletter.com/biotechnology/biocryst-to-acquire-astria-therapeutics,USD 8.55 cash plus 0.59 BioCryst shares; HAE consolidation by an HAE incumbent; BioCryst was itself on a 2026 takeout list,strategic,unknown
TK-2025-06,Akero Therapeutics,AKRO,Novo Nordisk,big_pharma,2025-10-09,approx,54.00,6.00,4.7,,,cash_cvr,efruxifermin,phase3,phase2_randomized,hepatology,protein,unknown,unverified,https://www.biospace.com/business/the-7-most-impactful-m-a-deals-of-2025,Sources give USD 4.7B upfront and 5.2B; CVR tied to a cirrhosis approval; Phase 2b SYMMETRY data in compensated cirrhosis preceded the deal,strategic,unknown
TK-2025-08,Merus,MRUS,Genmab,biotech,2025-09-29,approx,97.00,,8.0,,,cash,petosemtamab,phase3,phase2_single_arm,oncology,bispecific,unknown,unverified,https://www.labiotech.eu/trends-news/top-biotech-deals-in-september-2025/,Two Breakthrough designations in head and neck cancer,strategic,unknown
TK-2025-07,Metsera,MTSR,Pfizer,big_pharma,2025-09-22,approx,65.60,20.65,10.0,,,cash_cvr,MET-097i;MET-233i,phase2,phase2_randomized,cardiometabolic,peptide,unknown,unverified,https://www.biospace.com/business/the-7-most-impactful-m-a-deals-of-2025,"Initial bid USD 47.50 plus CVR (September 2025); Novo Nordisk counterbid; final up to USD 86.25 a share in November 2025 (cash and CVR split from recall, verify)",contested,unknown
TK-2025-05,89bio,ETNB,Roche,big_pharma,2025-09-18,approx,14.50,6.00,2.4,,,cash_cvr,pegozafermin,phase3,phase2_randomized,hepatology,protein,unknown,unverified,https://www.goodwinlaw.com/en/insights/publications/2026/02/insights-lifesciences-antc-antitrust-competition-life-sciences-yir-2025,Up to USD 3.5B with the CVR; premium not confirmed,strategic,unknown
TK-2025-09,Tourmaline Bio,TRML,Novartis,big_pharma,2025-09-09,approx,48.00,,1.4,,,cash,pacibekitug,phase2,phase2_randomized,cardiometabolic,antibody,unknown,unverified,https://www.labiotech.eu/trends-news/top-biotech-deals-in-september-2025/,IL-6 for cardiovascular inflammation; Phase 2 TRANQUILITY data preceded the deal,strategic,unknown
TK-2025-27,scPharmaceuticals,SCPH,MannKind,mid_pharma,2025-08-25,approx,5.35,1.00,0.36,,,cash_cvr,FUROSCIX,approved,commercial,cardiometabolic,small_molecule,unknown,unverified,,Recall; verify against the target 8-K and SC 14D9 or DEFM14A. Subscale launch bought by a small commercial company,strategic,unknown
TK-2025-26,Y-mAbs Therapeutics,YMAB,SERB Pharmaceuticals,private_pharma,2025-08-05,approx,8.60,,0.412,,,cash,DANYELZA,approved,commercial,oncology,antibody,unknown,unverified,,Recall; verify against the target 8-K and SC 14D9 or DEFM14A,strategic,unknown
TK-2025-25,iTeos Therapeutics,ITOS,Concentra Biosciences,royalty_or_shell,2025-07-21,approx,10.05,,0.39,,,cash_cvr,cash after belrestotug stop,phase2,phase2_randomized,oncology,antibody,unknown,unverified,,Recall; verify against the target 8-K and SC 14D9 or DEFM14A. Tang Capital vehicle buying cash-rich failed biotechs below cash plus a CVR; one of several such 2025 deals,cash_shell,unknown
TK-2025-10,Verona Pharma,VRNA,Merck & Co,big_pharma,2025-07-09,approx,107.00,,10.0,,,cash,Ohtuvayre,approved,commercial,respiratory,small_molecule,unknown,unverified,https://xtalks.com/pharma-and-biotech-mas-in-2025-roundup-4105/,Price per ADS; closed July 2025,strategic,unknown
TK-2025-15,Verve Therapeutics,VERV,Eli Lilly,big_pharma,2025-06-17,approx,10.50,3.00,1.3,,,cash_cvr,VERVE-102,phase1,phase1_poc,cardiometabolic,gene_editing,unknown,unverified,,Lilly was an existing partner. Recall; verify against the target 8-K and SC 14D9 or DEFM14A,strategic,yes
TK-2025-17,Sage Therapeutics,SAGE,Supernus Pharmaceuticals,mid_pharma,2025-06-16,approx,8.50,3.50,0.8,,,cash_cvr,Zurzuvae (royalty and share),approved,commercial,psychiatry,small_molecule,yes,unverified,,Biogen made an unsolicited bid in January 2025. Recall; verify against the target 8-K and SC 14D9 or DEFM14A,contested,unknown
TK-2025-23,CureVac,CVAC,BioNTech,biotech,2025-06-12,approx,5.46,,1.25,,,stock,mRNA platform;CVGBM,phase2,phase1_poc,platform,mrna,unknown,unverified,,"Recall; verify against the target 8-K and SC 14D9 or DEFM14A. All-stock exchange offer; the parties were in patent litigation, settled alongside the deal",strategic,no
TK-2025-14,Blueprint Medicines,BPMC,Sanofi,big_pharma,2025-06-02,approx,129.00,6.00,9.5,,,cash_cvr,Ayvakit,approved,commercial,immunology,small_molecule,unknown,unverified,,Recall; verify against the target 8-K and SC 14D9 or DEFM14A,strategic,unknown
TK-2025-19,Vigil Neuroscience,VIGL,Sanofi,big_pharma,2025-05-21,approx,8.00,2.00,0.47,,,cash_cvr,VG-3927,phase1,phase1_poc,neurology,small_molecule,unknown,unverified,,Sanofi was an existing investor. Recall; verify against the target 8-K and SC 14D9 or DEFM14A,strategic,unknown
TK-2025-18,Inozyme Pharma,INZY,BioMarin,mid_pharma,2025-05-16,approx,4.00,,0.27,,,cash,INZ-701,phase3,phase1_poc,rare_metabolic,protein,unknown,unverified,,Recall; verify against the target 8-K and SC 14D9 or DEFM14A,strategic,unknown
TK-2025-20,Regulus Therapeutics,RGLS,Novartis,big_pharma,2025-04-30,approx,7.00,7.00,0.8,,,cash_cvr,farabursen,phase2,phase1_poc,nephrology,oligonucleotide,unknown,unverified,,Up to USD 1.7B with the CVR. Recall; verify against the target 8-K and SC 14D9 or DEFM14A,strategic,unknown
TK-2025-13,SpringWorks Therapeutics,SWTX,Merck KGaA,big_pharma,2025-04-28,approx,47.00,,3.9,,,cash,Ogsiveo,approved,commercial,oncology,small_molecule,unknown,unverified,,Recall; verify against the target 8-K and SC 14D9 or DEFM14A,strategic,unknown
TK-2025-21,2seventy bio,TSVT,Bristol Myers Squibb,big_pharma,2025-03-10,approx,5.00,,0.29,,,cash,Abecma,approved,commercial,oncology,cell_therapy,unknown,unverified,,Partner buying out its co-commercialization partner. Recall; verify against the target 8-K and SC 14D9 or DEFM14A,distressed,yes
TK-2025-24,Checkpoint Therapeutics,CKPT,Sun Pharmaceutical,large_generic,2025-03-10,approx,4.10,0.70,0.355,,,cash_cvr,UNLOXCYT (cosibelimab),approved,commercial,oncology,antibody,unknown,unverified,,Recall; verify against the target 8-K and SC 14D9 or DEFM14A. Approved December 2024 with no launch capital; Fortress Biotech controlled the company,strategic,unknown
TK-2025-16,Chimerix,CMRX,Jazz Pharmaceuticals,mid_pharma,2025-03-05,approx,8.55,,0.94,,,cash,dordaviprone,filed,phase2_single_arm,oncology,small_molecule,unknown,unverified,,Recall; verify against the target 8-K and SC 14D9 or DEFM14A,strategic,unknown
TK-2025-28,bluebird bio,BLUE,Carlyle and SK Capital,private_equity,2025-02-21,approx,3.00,6.84,0.03,,,cash_cvr,ZYNTEGLO;LYFGENIA;SKYSONA,approved,commercial,hematology,gene_therapy,unknown,unverified,,Recall; verify against the target 8-K and SC 14D9 or DEFM14A. Price after a 1-for-20 reverse split; later amended to offer a USD 5 cash alternative,distressed,unknown
TK-2025-11,Intra-Cellular Therapies,ITCI,Johnson & Johnson,big_pharma,2025-01-13,approx,132.00,,14.6,,,cash,Caplyta,approved,commercial,psychiatry,small_molecule,unknown,unverified,https://www.bioxconomy.com/partnering/bioxconomy-s-top-10-m-a-deals-of-2025,Largest biotech acquisition of 2025 per BioXconomy,strategic,unknown
TK-2024-10,Poseida Therapeutics,PSTX,Roche,big_pharma,2024-11-26,approx,9.00,4.00,1.5,,,cash_cvr,P-BCMA-ALLO1,phase1,phase1_poc,oncology,cell_therapy,unknown,unverified,,Recall; verify against the target 8-K and SC 14D9 or DEFM14A. Roche partnered the allogeneic CAR-T programs from 2022,strategic,yes
TK-2024-01,Longboard Pharmaceuticals,LBPH,Lundbeck,mid_pharma,2024-10-14,approx,60.00,,2.6,,,cash,bexicaserin,phase3,phase2_randomized,neurology,small_molecule,unknown,unverified,,Recall; verify against the target 8-K and SC 14D9 or DEFM14A,strategic,unknown
TK-2024-11,Revance Therapeutics,RVNC,Crown Laboratories,private_pharma,2024-08-12,approx,6.66,,0.92,,,cash,DAXXIFY;RHA fillers,approved,commercial,dermatology,protein,unknown,unverified,,Recall; verify against the target 8-K and SC 14D9 or DEFM14A. Renegotiated to USD 3.10 per share in December 2024 after a share-count dispute,distressed,unknown
TK-2024-09,Exscientia,EXAI,Recursion Pharmaceuticals,biotech,2024-08-08,approx,,,0.69,,,stock,AI design platform;GTAEXS617,phase1,phase1_poc,platform,small_molecule,unknown,unverified,,Recall; verify against the target 8-K and SC 14D9 or DEFM14A. All-stock AI-bio consolidation; 0.7729 Recursion shares per ADS,strategic,unknown
TK-2024-12,G1 Therapeutics,GTHX,Pharmacosmos,private_pharma,2024-08-07,approx,7.15,,0.405,,,cash,COSELA,approved,commercial,oncology,small_molecule,unknown,unverified,,Recall; verify against the target 8-K and SC 14D9 or DEFM14A,strategic,unknown
TK-2024-02,Morphic Holding,MORF,Eli Lilly,big_pharma,2024-07-08,approx,57.00,,3.2,,,cash,MORF-057,phase2,phase2_single_arm,immunology,small_molecule,unknown,unverified,,Recall; verify against the target 8-K and SC 14D9 or DEFM14A,strategic,unknown
TK-2024-13,Alimera Sciences,ALIM,ANI Pharmaceuticals,mid_pharma,2024-06-21,approx,5.50,0.50,0.381,,,cash_cvr,ILUVIEN;YUTIQ,approved,commercial,ophthalmology,small_molecule,unknown,unverified,,Recall; verify against the target 8-K and SC 14D9 or DEFM14A,strategic,unknown
TK-2024-17,Calliditas Therapeutics,CALT,Asahi Kasei,mid_pharma,2024-05-28,approx,,,1.1,,,cash,TARPEYO,approved,commercial,nephrology,small_molecule,unknown,unverified,,Recall; verify against the target 8-K and SC 14D9 or DEFM14A. SEK 208 per share; ADS represents two shares,strategic,unknown
TK-2024-03,Deciphera Pharmaceuticals,DCPH,Ono Pharmaceutical,mid_pharma,2024-04-29,approx,25.60,,2.4,,,cash,Qinlock;vimseltinib,approved,commercial,oncology,small_molecule,unknown,unverified,,Recall; verify against the target 8-K and SC 14D9 or DEFM14A,strategic,unknown
TK-2024-04,Alpine Immune Sciences,ALPN,Vertex Pharmaceuticals,big_pharma,2024-04-10,approx,65.00,,4.9,,,cash,povetacicept,phase3,phase2_single_arm,nephrology,protein,unknown,unverified,,Recall; verify against the target 8-K and SC 14D9 or DEFM14A,strategic,unknown
TK-2024-05,Fusion Pharmaceuticals,FUSN,AstraZeneca,big_pharma,2024-03-19,approx,21.00,3.00,2.4,,,cash_cvr,FPI-2265,phase2,phase1_poc,oncology,radioligand,unknown,unverified,,Recall; verify against the target 8-K and SC 14D9 or DEFM14A,strategic,unknown
TK-2024-06,CymaBay Therapeutics,CBAY,Gilead Sciences,big_pharma,2024-02-12,approx,32.50,,4.3,,,cash,seladelpar,filed,phase3_pivotal,hepatology,small_molecule,unknown,unverified,,Recall; verify against the target 8-K and SC 14D9 or DEFM14A,strategic,unknown
TK-2024-16,MorphoSys,MOR,Novartis,big_pharma,2024-02-05,approx,,,2.9,,,cash,pelabresib;MONJUVI,phase3,phase3_pivotal,oncology,small_molecule,unknown,unverified,,"Recall; verify against the target 8-K and SC 14D9 or DEFM14A. EUR 68 per share; pelabresib was bought for the second time (see Constellation, 2021)",strategic,unknown
TK-2024-15,Inhibrx,INBX,Sanofi,big_pharma,2024-01-23,approx,30.00,5.00,1.7,,,cash_cvr,INBRX-101,phase2,phase1_poc,respiratory,protein,unknown,unverified,,Recall; verify against the target 8-K and SC 14D9 or DEFM14A. Holders also received shares in a spun-out Inhibrx Biosciences,strategic,unknown
TK-2024-14,Taro Pharmaceutical Industries,TARO,Sun Pharmaceutical,large_generic,2024-01-17,approx,43.00,,1.6,,,cash,generic dermatology portfolio,approved,commercial,dermatology,small_molecule,unknown,unverified,,Recall; verify against the target 8-K and SC 14D9 or DEFM14A. Sun owned about 78%; buy-in of the minority; equity value is the whole company,parent_buy_in,yes
TK-2024-07,Ambrx Biopharma,AMAM,Johnson & Johnson,big_pharma,2024-01-08,approx,28.00,,2.0,,,cash,ARX517,phase1,phase1_poc,oncology,adc,unknown,unverified,,Recall; verify against the target 8-K and SC 14D9 or DEFM14A,strategic,unknown
TK-2024-08,Harpoon Therapeutics,HARP,Merck & Co,big_pharma,2024-01-08,approx,23.00,,0.68,,,cash,HPN328,phase1,phase1_poc,oncology,bispecific,unknown,unverified,,Recall; verify against the target 8-K and SC 14D9 or DEFM14A,strategic,unknown
TK-2023-02,RayzeBio,RYZB,Bristol Myers Squibb,big_pharma,2023-12-26,approx,62.50,,4.1,,,cash,RYZ101,phase3,phase1_poc,oncology,radioligand,unknown,unverified,,Bought three months after its IPO. Recall; verify against the target 8-K and SC 14D9 or DEFM14A,strategic,unknown
TK-2023-17,Gracell Biotechnologies,GRCL,AstraZeneca,big_pharma,2023-12-26,approx,10.00,1.50,1.0,,,cash_cvr,GC012F,phase1,phase1_poc,oncology,cell_therapy,unknown,unverified,,Recall; verify against the target 8-K and SC 14D9 or DEFM14A. Per-ADS terms; FasTCAR autologous CAR-T also in lupus,strategic,unknown
TK-2023-01,Karuna Therapeutics,KRTX,Bristol Myers Squibb,big_pharma,2023-12-22,approx,330.00,,14.0,,,cash,KarXT,filed,phase3_pivotal,psychiatry,small_molecule,unknown,unverified,,Recall; verify against the target 8-K and SC 14D9 or DEFM14A,strategic,unknown
TK-2023-04,Icosavax,ICVX,AstraZeneca,big_pharma,2023-12-12,approx,15.00,5.00,1.1,,,cash_cvr,IVX-A12,phase2,phase2_randomized,vaccines,vaccine,unknown,unverified,,Recall; verify against the target 8-K and SC 14D9 or DEFM14A,strategic,unknown
TK-2023-03,Cerevel Therapeutics,CERE,AbbVie,big_pharma,2023-12-06,approx,45.00,,8.7,,,cash,tavapadon;emraclidine,phase3,phase3_pivotal,neurology,small_molecule,unknown,unverified,,Emraclidine later failed Phase 2 under AbbVie. Recall; verify against the target 8-K and SC 14D9 or DEFM14A,strategic,unknown
TK-2023-05,ImmunoGen,IMGN,AbbVie,big_pharma,2023-11-30,approx,31.26,,10.1,,,cash,Elahere,approved,commercial,oncology,adc,unknown,unverified,,Recall; verify against the target 8-K and SC 14D9 or DEFM14A,strategic,unknown
TK-2023-06,Mirati Therapeutics,MRTX,Bristol Myers Squibb,big_pharma,2023-10-08,approx,58.00,12.00,4.8,,,cash_cvr,Krazati,approved,commercial,oncology,small_molecule,unknown,unverified,,Recall; verify against the target 8-K and SC 14D9 or DEFM14A,strategic,unknown
TK-2023-18,Orchard Therapeutics,ORTX,Kyowa Kirin,mid_pharma,2023-10-05,approx,16.00,1.00,0.478,,,cash_cvr,LIBMELDY (OTL-200),filed,commercial,rare_metabolic,gene_therapy,unknown,unverified,,"Recall; verify against the target 8-K and SC 14D9 or DEFM14A. Approved in Europe, US BLA under review at the deal",strategic,unknown
TK-2023-07,POINT Biopharma,PNT,Eli Lilly,big_pharma,2023-10-03,approx,12.50,,1.4,,,cash,PNT2002,phase3,phase3_pivotal,oncology,radioligand,unknown,unverified,,Recall; verify against the target 8-K and SC 14D9 or DEFM14A,strategic,unknown
TK-2023-19,Intercept Pharmaceuticals,ICPT,Alfasigma,private_pharma,2023-09-26,approx,19.00,,0.794,,,cash,OCALIVA,approved,commercial,hepatology,small_molecule,unknown,unverified,,Recall; verify against the target 8-K and SC 14D9 or DEFM14A. Followed the June 2023 NASH rejection,strategic,unknown
TK-2023-20,EQRx,EQRX,Revolution Medicines,biotech,2023-08-01,approx,,,1.1,,,stock,cash,preclinical,none,platform,mixed,unknown,unverified,,Recall; verify against the target 8-K and SC 14D9 or DEFM14A. All-stock purchase of a cash-rich de-SPAC that had abandoned its model,cash_shell,no
TK-2023-08,Reata Pharmaceuticals,RETA,Biogen,big_pharma,2023-07-28,approx,172.50,,7.3,,,cash,Skyclarys,approved,commercial,neurology,small_molecule,unknown,unverified,,Recall; verify against the target 8-K and SC 14D9 or DEFM14A,strategic,unknown
TK-2023-09,DICE Therapeutics,DICE,Eli Lilly,big_pharma,2023-06-20,approx,48.00,,2.4,,,cash,DC-806;DC-853,phase2,phase1_poc,immunology,small_molecule,unknown,unverified,,Recall; verify against the target 8-K and SC 14D9 or DEFM14A,strategic,unknown
TK-2023-10,Chinook Therapeutics,KDNY,Novartis,big_pharma,2023-06-12,approx,40.00,4.00,3.2,,,cash_cvr,atrasentan;zigakibart,phase3,phase3_pivotal,nephrology,small_molecule,unknown,unverified,,Recall; verify against the target 8-K and SC 14D9 or DEFM14A,strategic,unknown
TK-2023-21,VectivBio,VECT,Ironwood Pharmaceuticals,mid_pharma,2023-05-22,approx,17.00,,1.0,,,cash,apraglutide,phase3,phase2_randomized,gastroenterology,peptide,unknown,unverified,,Recall; verify against the target 8-K and SC 14D9 or DEFM14A,strategic,unknown
TK-2023-22,CTI BioPharma,CTIC,Sobi,mid_pharma,2023-05-10,approx,9.10,,1.7,,,cash,VONJO (pacritinib),approved,commercial,hematology,small_molecule,unknown,unverified,,Recall; verify against the target 8-K and SC 14D9 or DEFM14A,strategic,unknown
TK-2023-11,Iveric Bio,ISEE,Astellas Pharma,big_pharma,2023-04-30,approx,40.00,,5.9,,,cash,Izervay,filed,phase3_pivotal,ophthalmology,oligonucleotide,unknown,unverified,,Recall; verify against the target 8-K and SC 14D9 or DEFM14A,strategic,unknown
TK-2023-12,Bellus Health,BLU,GSK,big_pharma,2023-04-18,approx,14.75,,2.0,,,cash,camlipixant,phase3,phase2_randomized,respiratory,small_molecule,unknown,unverified,,Recall; verify against the target 8-K and SC 14D9 or DEFM14A,strategic,unknown
TK-2023-13,Prometheus Biosciences,RXDX,Merck & Co,big_pharma,2023-04-16,approx,200.00,,10.8,,,cash,PRA023 (tulisokibart),phase2,phase2_randomized,immunology,antibody,unknown,unverified,,Recall; verify against the target 8-K and SC 14D9 or DEFM14A,strategic,unknown
TK-2023-14,Provention Bio,PRVB,Sanofi,big_pharma,2023-03-13,approx,25.00,,2.9,,,cash,Tzield,approved,commercial,immunology,antibody,unknown,unverified,,Sanofi was the co-promotion partner. Recall; verify against the target 8-K and SC 14D9 or DEFM14A,strategic,yes
TK-2023-23,Seagen,SGEN,Pfizer,big_pharma,2023-03-13,approx,229.00,,43.0,,,cash,ADCETRIS;PADCEV;TIVDAK;TUKYSA,approved,commercial,oncology,adc,unknown,unverified,,Recall; verify against the target 8-K and SC 14D9 or DEFM14A. Merck talks were reported in 2022,strategic,unknown
TK-2023-24,Concert Pharmaceuticals,CNCE,Sun Pharmaceutical,large_generic,2023-01-19,approx,8.00,3.50,0.576,,,cash_cvr,deuruxolitinib,phase3,phase3_pivotal,dermatology,small_molecule,unknown,unverified,,Recall; verify against the target 8-K and SC 14D9 or DEFM14A,strategic,unknown
TK-2023-15,CinCor Pharma,CINC,AstraZeneca,big_pharma,2023-01-09,approx,26.00,10.00,1.8,,,cash_cvr,baxdrostat,phase2,phase2_randomized,cardiometabolic,small_molecule,unknown,unverified,,Recall; verify against the target 8-K and SC 14D9 or DEFM14A,strategic,unknown
TK-2023-16,Albireo Pharma,ALBO,Ipsen,mid_pharma,2023-01-09,approx,42.00,10.00,0.95,,,cash_cvr,Bylvay,approved,commercial,hepatology,small_molecule,unknown,unverified,,Recall; verify against the target 8-K and SC 14D9 or DEFM14A,strategic,unknown
TK-2023-25,Amryt Pharma,AMYT,Chiesi,private_pharma,2023-01-08,approx,14.50,2.50,1.25,,,cash_cvr,MYCAPSSA;FILSUVEZ,approved,commercial,rare_metabolic,mixed,unknown,unverified,,Recall; verify against the target 8-K and SC 14D9 or DEFM14A. Per ADS terms,strategic,unknown
TK-2022-12,Horizon Therapeutics,HZNP,Amgen,big_pharma,2022-12-12,approx,116.50,,27.8,,,cash,TEPEZZA;KRYSTEXXA,approved,commercial,immunology,antibody,unknown,unverified,,Recall; verify against the target 8-K and SC 14D9 or DEFM14A. Sanofi and Johnson & Johnson were reported in talks before Amgen signed,contested,unknown
TK-2022-01,Imago BioSciences,IMGO,Merck & Co,big_pharma,2022-11-21,approx,36.00,,1.35,,,cash,bomedemstat,phase2,phase2_single_arm,hematology,small_molecule,unknown,unverified,,Recall; verify against the target 8-K and SC 14D9 or DEFM14A,strategic,unknown
TK-2022-16,Myovant Sciences,MYOV,Sumitomo Pharma,mid_pharma,2022-10-23,approx,27.00,,2.9,,,cash,ORGOVYX;MYFEMBREE,approved,commercial,oncology,small_molecule,yes,unverified,,Recall; verify against the target 8-K and SC 14D9 or DEFM14A. Sumitomo owned about 52%; holders pushed for a higher price,parent_buy_in,yes
TK-2022-02,Akouos,AKUS,Eli Lilly,big_pharma,2022-10-18,approx,12.50,3.00,0.61,,,cash_cvr,AK-OTOF,phase1,none,neurology,gene_therapy,unknown,unverified,,Recall; verify against the target 8-K and SC 14D9 or DEFM14A,strategic,unknown
TK-2022-09,AVEO Pharmaceuticals,AVEO,LG Chem,private_pharma,2022-10-18,approx,15.00,,0.566,,,cash,FOTIVDA,approved,commercial,oncology,small_molecule,unknown,unverified,,Recall; verify against the target 8-K and SC 14D9 or DEFM14A,strategic,unknown
TK-2022-03,Forma Therapeutics,FMTX,Novo Nordisk,big_pharma,2022-09-01,approx,20.00,,1.1,,,cash,etavopivat,phase2,phase1_poc,hematology,small_molecule,unknown,unverified,,Recall; verify against the target 8-K and SC 14D9 or DEFM14A,strategic,unknown
TK-2022-13,Aerie Pharmaceuticals,AERI,Alcon,mid_pharma,2022-08-23,approx,15.25,,0.77,,,cash,RHOPRESSA;ROCKLATAN,approved,commercial,ophthalmology,small_molecule,unknown,unverified,,Recall; verify against the target 8-K and SC 14D9 or DEFM14A,strategic,unknown
TK-2022-04,Global Blood Therapeutics,GBT,Pfizer,big_pharma,2022-08-08,approx,68.50,,5.4,,,cash,Oxbryta,approved,commercial,hematology,small_molecule,unknown,unverified,,Oxbryta was withdrawn in 2024: a takeout does not validate the asset. Recall; verify against the target 8-K and SC 14D9 or DEFM14A,strategic,unknown
TK-2022-05,ChemoCentryx,CCXI,Amgen,big_pharma,2022-08-04,approx,52.00,,3.7,,,cash,Tavneos,approved,commercial,immunology,small_molecule,unknown,unverified,,Recall; verify against the target 8-K and SC 14D9 or DEFM14A,strategic,unknown
TK-2022-15,Epizyme,EPZM,Ipsen,mid_pharma,2022-06-27,approx,1.45,1.00,0.247,,,cash_cvr,TAZVERIK,approved,commercial,oncology,small_molecule,unknown,unverified,,Recall; verify against the target 8-K and SC 14D9 or DEFM14A,distressed,unknown
TK-2022-10,Radius Health,RDUS,Gurnet Point and Patient Square,private_equity,2022-06-23,approx,10.00,1.00,0.89,,,cash_cvr,TYMLOS,approved,commercial,endocrinology,peptide,unknown,unverified,,Recall; verify against the target 8-K and SC 14D9 or DEFM14A. Ticker RDUS later reused by Radius Recycling,strategic,unknown
TK-2022-06,Turning Point Therapeutics,TPTX,Bristol Myers Squibb,big_pharma,2022-06-03,approx,76.00,,4.1,,,cash,repotrectinib,phase2,phase2_single_arm,oncology,small_molecule,unknown,unverified,,Recall; verify against the target 8-K and SC 14D9 or DEFM14A,strategic,unknown
TK-2022-07,Biohaven Pharmaceutical,BHVN,Pfizer,big_pharma,2022-05-10,approx,148.50,,11.6,,,cash_stock,Nurtec ODT,approved,commercial,neurology,small_molecule,unknown,unverified,,Pfizer held an existing ex-US partnership; consideration included shares of a spun-out company. Recall; verify against the target 8-K and SC 14D9 or DEFM14A,strategic,yes
TK-2022-11,Sierra Oncology,SRRA,GSK,big_pharma,2022-04-13,approx,55.00,,1.9,,,cash,momelotinib,phase3,phase3_pivotal,oncology,small_molecule,unknown,unverified,,Recall; verify against the target 8-K and SC 14D9 or DEFM14A. NDA filing planned after MOMENTUM Phase 3,strategic,unknown
TK-2022-14,BioDelivery Sciences International,BDSI,Collegium Pharmaceutical,mid_pharma,2022-02-14,approx,5.60,,0.604,,,cash,BELBUCA,approved,commercial,pain,small_molecule,unknown,unverified,,Recall; verify against the target 8-K and SC 14D9 or DEFM14A,strategic,unknown
TK-2022-08,Zogenix,ZGNX,UCB,mid_pharma,2022-01-19,approx,26.00,2.00,1.9,,,cash_cvr,Fintepla,approved,commercial,neurology,small_molecule,unknown,unverified,,Recall; verify against the target 8-K and SC 14D9 or DEFM14A,strategic,unknown
TK-2021-01,Arena Pharmaceuticals,ARNA,Pfizer,big_pharma,2021-12-13,approx,100.00,,6.7,,,cash,etrasimod,phase3,phase2_randomized,immunology,small_molecule,unknown,unverified,,Recall; verify against the target 8-K and SC 14D9 or DEFM14A,strategic,unknown
TK-2021-02,Dicerna Pharmaceuticals,DRNA,Novo Nordisk,big_pharma,2021-11-18,approx,38.25,,3.3,,,cash,RNAi platform;nedosiran,phase3,phase2_randomized,platform,oligonucleotide,unknown,unverified,,Novo was an existing platform partner. Recall; verify against the target 8-K and SC 14D9 or DEFM14A,strategic,yes
TK-2021-11,Adamas Pharmaceuticals,ADMS,Supernus Pharmaceuticals,mid_pharma,2021-10-11,approx,8.10,1.00,0.40,,,cash_cvr,GOCOVRI,approved,commercial,neurology,small_molecule,unknown,unverified,,Recall; verify against the target 8-K and SC 14D9 or DEFM14A,strategic,unknown
TK-2021-14,Flexion Therapeutics,FLXN,Pacira BioSciences,mid_pharma,2021-10-11,approx,8.50,8.00,0.45,,,cash_cvr,ZILRETTA,approved,commercial,pain,small_molecule,unknown,unverified,,Recall; verify against the target 8-K and SC 14D9 or DEFM14A. Pacira's own subscale-launch purchase; ZILRETTA is now part of the Viatris-Pacira deal,strategic,unknown
TK-2021-03,Acceleron Pharma,XLRN,Merck & Co,big_pharma,2021-09-30,approx,180.00,,11.5,,,cash,sotatercept,phase3,phase2_randomized,cardiopulmonary,protein,unknown,unverified,,Phase 2 PULSAR data preceded the deal; Bristol Myers Squibb owned about 11.5% and held royalties. Recall; verify against the target 8-K and SC 14D9 or DEFM14A,strategic,unknown
TK-2021-04,Kadmon Holdings,KDMN,Sanofi,big_pharma,2021-09-08,approx,9.50,,1.9,,,cash,Rezurock,approved,commercial,immunology,small_molecule,unknown,unverified,,Recall; verify against the target 8-K and SC 14D9 or DEFM14A,strategic,unknown
TK-2021-05,Trillium Therapeutics,TRIL,Pfizer,big_pharma,2021-08-23,approx,18.50,,2.26,,,cash,TTI-622,phase1,phase1_poc,oncology,protein,unknown,unverified,,Recall; verify against the target 8-K and SC 14D9 or DEFM14A,strategic,unknown
TK-2021-06,Translate Bio,TBIO,Sanofi,big_pharma,2021-08-03,approx,38.00,,3.2,,,cash,mRNA platform,phase1,none,platform,mrna,unknown,unverified,,Sanofi was an existing partner. Recall; verify against the target 8-K and SC 14D9 or DEFM14A,strategic,yes
TK-2021-10,Kindred Biosciences,KIN,Elanco,mid_pharma,2021-06-16,approx,9.25,,0.44,,,cash,veterinary biologics,approved,commercial,animal_health,antibody,unknown,unverified,,Recall; verify against the target 8-K and SC 14D9 or DEFM14A,strategic,unknown
TK-2021-13,Constellation Pharmaceuticals,CNST,MorphoSys,biotech,2021-06-02,approx,34.00,,1.7,,,cash,pelabresib,phase3,phase2_single_arm,oncology,small_molecule,unknown,unverified,,Recall; verify against the target 8-K and SC 14D9 or DEFM14A. The same asset was bought again with MorphoSys by Novartis in 2024,strategic,unknown
TK-2021-07,Five Prime Therapeutics,FPRX,Amgen,big_pharma,2021-03-04,approx,38.00,,1.9,,,cash,bemarituzumab,phase3,phase2_randomized,oncology,antibody,unknown,unverified,,Recall; verify against the target 8-K and SC 14D9 or DEFM14A,strategic,unknown
TK-2021-08,Pandion Therapeutics,PAND,Merck & Co,big_pharma,2021-02-25,approx,60.00,,1.85,,,cash,PT101,phase1,none,immunology,protein,unknown,unverified,,Recall; verify against the target 8-K and SC 14D9 or DEFM14A,strategic,unknown
TK-2021-12,GW Pharmaceuticals,GWPH,Jazz Pharmaceuticals,mid_pharma,2021-02-03,approx,220.00,,7.2,,,cash_stock,EPIDIOLEX,approved,commercial,neurology,small_molecule,unknown,unverified,,Recall; verify against the target 8-K and SC 14D9 or DEFM14A. Per ADS: USD 200 cash plus USD 20 in Jazz stock,strategic,unknown
TK-2021-09,Viela Bio,VIE,Horizon Therapeutics,mid_pharma,2021-02-01,approx,53.00,,3.05,,,cash,Uplizna,approved,commercial,neurology,antibody,unknown,unverified,,Recall; verify against the target 8-K and SC 14D9 or DEFM14A,strategic,unknown
TK-2020-01,Prevail Therapeutics,PRVL,Eli Lilly,big_pharma,2020-12-15,approx,22.50,4.00,1.04,,,cash_cvr,PR001,phase2,phase1_poc,neurology,gene_therapy,unknown,unverified,,Recall; verify against the target 8-K and SC 14D9 or DEFM14A,strategic,unknown
TK-2020-08,Alexion Pharmaceuticals,ALXN,AstraZeneca,big_pharma,2020-12-12,approx,175.00,,39.0,,,cash_stock,SOLIRIS;ULTOMIRIS,approved,commercial,hematology,antibody,yes,unverified,,Recall; verify against the target 8-K and SC 14D9 or DEFM14A. USD 60 cash plus 2.1243 AstraZeneca ADS; Elliott held a stake from 2019,strategic,unknown
TK-2020-12,China Biologic Products,CBPO,CITIC Capital-led consortium,private_equity,2020-11-19,approx,120.00,,4.6,,,cash,plasma products,approved,commercial,hematology,protein,unknown,unverified,,Recall; verify against the target 8-K and SC 14D9 or DEFM14A. Management and holder consortium; China-based,going_private,yes
TK-2020-11,Urovant Sciences,UROV,Sumitovant Biopharma,mid_pharma,2020-11-13,approx,16.25,,0.58,,,cash,GEMTESA (vibegron),filed,phase3_pivotal,urology,small_molecule,unknown,unverified,,Recall; verify against the target 8-K and SC 14D9 or DEFM14A. Sumitovant owned about 72%,parent_buy_in,yes
TK-2020-02,MyoKardia,MYOK,Bristol Myers Squibb,big_pharma,2020-10-05,approx,225.00,,13.1,,,cash,mavacamten,phase3,phase3_pivotal,cardiometabolic,small_molecule,unknown,unverified,,Recall; verify against the target 8-K and SC 14D9 or DEFM14A,strategic,unknown
TK-2020-03,Immunomedics,IMMU,Gilead Sciences,big_pharma,2020-09-13,approx,88.00,,21.0,,,cash,Trodelvy,approved,commercial,oncology,adc,unknown,unverified,,Recall; verify against the target 8-K and SC 14D9 or DEFM14A,strategic,unknown
TK-2020-04,Momenta Pharmaceuticals,MNTA,Johnson & Johnson,big_pharma,2020-08-19,approx,52.50,,6.5,,,cash,nipocalimab,phase2,phase2_randomized,immunology,antibody,unknown,unverified,,Recall; verify against the target 8-K and SC 14D9 or DEFM14A,strategic,unknown
TK-2020-05,Principia Biopharma,PRNB,Sanofi,big_pharma,2020-08-17,approx,100.00,,3.68,,,cash,rilzabrutinib,phase3,phase2_single_arm,immunology,small_molecule,unknown,unverified,,Sanofi was an existing partner. Recall; verify against the target 8-K and SC 14D9 or DEFM14A,strategic,yes
TK-2020-06,Portola Pharmaceuticals,PTLA,Alexion Pharmaceuticals,mid_pharma,2020-05-05,approx,18.00,,1.41,,,cash,Andexxa,approved,commercial,hematology,protein,unknown,unverified,,Recall; verify against the target 8-K and SC 14D9 or DEFM14A,strategic,unknown
TK-2020-09,Stemline Therapeutics,STML,Menarini,private_pharma,2020-05-04,approx,11.50,1.00,0.677,,,cash_cvr,ELZONRIS,approved,commercial,oncology,protein,unknown,unverified,,Recall; verify against the target 8-K and SC 14D9 or DEFM14A,strategic,unknown
TK-2020-07,Forty Seven,FTSV,Gilead Sciences,big_pharma,2020-03-02,approx,95.50,,4.9,,,cash,magrolimab,phase2,phase1_poc,oncology,antibody,unknown,unverified,,Magrolimab later failed Phase 3: a takeout does not validate the asset. Recall; verify against the target 8-K and SC 14D9 or DEFM14A,strategic,unknown
TK-2020-10,Dermira,DERM,Eli Lilly,big_pharma,2020-01-10,approx,18.75,,1.1,,,cash,lebrikizumab;QBREXZA,phase3,phase2_randomized,immunology,antibody,unknown,unverified,,Recall; verify against the target 8-K and SC 14D9 or DEFM14A,strategic,unknown
TK-2019-01,ArQule,ARQL,Merck & Co,big_pharma,2019-12-09,approx,20.00,,2.7,,,cash,ARQ 531 (nemtabrutinib),phase2,phase1_poc,oncology,small_molecule,unknown,unverified,,Recall; verify against the target 8-K and SC 14D9 or DEFM14A,strategic,unknown
TK-2019-13,Synthorx,THOR,Sanofi,big_pharma,2019-12-09,approx,68.00,,2.5,,,cash,THOR-707,phase1,none,oncology,protein,unknown,unverified,,Recall; verify against the target 8-K and SC 14D9 or DEFM14A. Bought before meaningful human data,strategic,unknown
TK-2019-02,Audentes Therapeutics,BOLD,Astellas Pharma,big_pharma,2019-12-03,approx,60.00,,3.0,,,cash,AT132,phase2,phase1_poc,neuromuscular,gene_therapy,unknown,unverified,,Historical ticker; BOLD now belongs to Boundless Bio. Recall; verify against the target 8-K and SC 14D9 or DEFM14A,strategic,unknown
TK-2019-03,The Medicines Company,MDCO,Novartis,big_pharma,2019-11-24,approx,85.00,,9.7,,,cash,inclisiran,phase3,phase3_pivotal,cardiometabolic,oligonucleotide,unknown,unverified,,Recall; verify against the target 8-K and SC 14D9 or DEFM14A,strategic,unknown
TK-2019-12,Achillion Pharmaceuticals,ACHN,Alexion Pharmaceuticals,mid_pharma,2019-10-16,approx,6.30,2.00,0.93,,,cash_cvr,danicopan,phase2,phase2_single_arm,hematology,small_molecule,unknown,unverified,,Recall; verify against the target 8-K and SC 14D9 or DEFM14A,strategic,unknown
TK-2019-04,Ra Pharmaceuticals,RARX,UCB,mid_pharma,2019-10-10,approx,48.00,,2.1,,,cash_stock,zilucoplan,phase3,phase2_randomized,neurology,peptide,unknown,unverified,,Recall; verify against the target 8-K and SC 14D9 or DEFM14A,strategic,unknown
TK-2019-09,Allergan,AGN,AbbVie,big_pharma,2019-06-25,approx,,,63.0,,,cash_stock,BOTOX,approved,commercial,dermatology,protein,yes,unverified,,Recall; verify against the target 8-K and SC 14D9 or DEFM14A. USD 120.30 cash plus 0.8660 AbbVie shares; Appaloosa had pushed for change,strategic,unknown
TK-2019-05,Array BioPharma,ARRY,Pfizer,big_pharma,2019-06-17,approx,48.00,,11.4,,,cash,Braftovi;Mektovi,approved,commercial,oncology,small_molecule,unknown,unverified,,Recall; verify against the target 8-K and SC 14D9 or DEFM14A,strategic,unknown
TK-2019-10,Nightstar Therapeutics,NITE,Biogen,big_pharma,2019-03-04,approx,25.50,,0.8,,,cash,timrepigene emparvovec,phase3,phase1_poc,ophthalmology,gene_therapy,unknown,unverified,,Recall; verify against the target 8-K and SC 14D9 or DEFM14A. Asset failed Phase 3 in 2020,strategic,unknown
TK-2019-06,Spark Therapeutics,ONCE,Roche,big_pharma,2019-02-25,approx,114.50,,4.8,,,cash,Luxturna,approved,commercial,ophthalmology,gene_therapy,unknown,unverified,,Recall; verify against the target 8-K and SC 14D9 or DEFM14A,strategic,unknown
TK-2019-11,Clementia Pharmaceuticals,CMTA,Ipsen,mid_pharma,2019-02-25,approx,25.00,6.00,1.04,,,cash_cvr,palovarotene,phase3,phase2_randomized,musculoskeletal,small_molecule,unknown,unverified,,Recall; verify against the target 8-K and SC 14D9 or DEFM14A,strategic,unknown
TK-2019-07,Loxo Oncology,LOXO,Eli Lilly,big_pharma,2019-01-07,approx,235.00,,8.0,,,cash,Vitrakvi;selpercatinib,approved,commercial,oncology,small_molecule,unknown,unverified,,Recall; verify against the target 8-K and SC 14D9 or DEFM14A,strategic,unknown
TK-2019-08,Celgene,CELG,Bristol Myers Squibb,big_pharma,2019-01-03,approx,,,74.0,,,cash_stock,REVLIMID;POMALYST;ozanimod,approved,commercial,oncology,mixed,unknown,unverified,,Recall; verify against the target 8-K and SC 14D9 or DEFM14A. USD 50 cash plus one BMS share plus a USD 9 CVR that expired unpaid,strategic,unknown
TK-2018-09,TESARO,TSRO,GSK,big_pharma,2018-12-03,approx,75.00,,5.1,,,cash,ZEJULA,approved,commercial,oncology,small_molecule,unknown,unverified,,Recall; verify against the target 8-K and SC 14D9 or DEFM14A,strategic,unknown
TK-2018-08,Endocyte,ECYT,Novartis,big_pharma,2018-10-18,approx,24.00,,2.1,,,cash,177Lu-PSMA-617,phase3,phase1_poc,oncology,radioligand,unknown,unverified,,Recall; verify against the target 8-K and SC 14D9 or DEFM14A. Became PLUVICTO,strategic,unknown
TK-2018-07,ARMO BioSciences,ARMO,Eli Lilly,big_pharma,2018-05-10,approx,50.00,,1.6,,,cash,pegilodecakin,phase3,phase1_poc,oncology,protein,unknown,unverified,,Recall; verify against the target 8-K and SC 14D9 or DEFM14A. Phase 3 failed in 2019,strategic,unknown
TK-2018-06,Shire,SHPG,Takeda,big_pharma,2018-05-08,approx,,,62.0,,,cash_stock,rare disease and plasma portfolio,approved,commercial,rare_metabolic,mixed,unknown,unverified,,Recall; verify against the target 8-K and SC 14D9 or DEFM14A. Primary listing London; US ADS on Nasdaq,strategic,unknown
TK-2018-05,AveXis,AVXS,Novartis,big_pharma,2018-04-09,approx,218.00,,8.7,,,cash,onasemnogene abeparvovec,phase3,phase1_poc,neuromuscular,gene_therapy,unknown,unverified,,Recall; verify against the target 8-K and SC 14D9 or DEFM14A,strategic,unknown
TK-2018-04,Cascadian Therapeutics,CASC,Seattle Genetics,biotech,2018-01-31,approx,10.00,,0.614,,,cash,tucatinib,phase2,phase1_poc,oncology,small_molecule,unknown,unverified,,Recall; verify against the target 8-K and SC 14D9 or DEFM14A. Pivotal HER2CLIMB enrolling at the deal,strategic,unknown
TK-2018-03,Ablynx,ABLX,Sanofi,big_pharma,2018-01-29,approx,,,4.8,,,cash,caplacizumab,filed,phase3_pivotal,hematology,antibody,unknown,unverified,,Recall; verify against the target 8-K and SC 14D9 or DEFM14A. EUR 45 per share; Novo Nordisk unsolicited bid rejected first,contested,unknown
TK-2018-01,Juno Therapeutics,JUNO,Celgene,big_pharma,2018-01-22,approx,87.00,,9.0,,,cash,lisocabtagene maraleucel,phase1,phase1_poc,oncology,cell_therapy,unknown,unverified,,Recall; verify against the target 8-K and SC 14D9 or DEFM14A. Celgene was a partner and about 10% holder,strategic,yes
TK-2018-02,Bioverativ,BIVV,Sanofi,big_pharma,2018-01-22,approx,105.00,,11.6,,,cash,ELOCTATE;ALPROLIX,approved,commercial,hematology,protein,unknown,unverified,,Recall; verify against the target 8-K and SC 14D9 or DEFM14A. Spun out of Biogen in 2017,strategic,unknown
TK-2017-04,Sucampo Pharmaceuticals,SCMP,Mallinckrodt,mid_pharma,2017-12-26,approx,18.00,,1.2,,,cash,AMITIZA,approved,commercial,gastroenterology,small_molecule,unknown,unverified,,Recall; verify against the target 8-K and SC 14D9 or DEFM14A,strategic,unknown
TK-2017-03,Ignyta,RXDX,Roche,big_pharma,2017-12-22,approx,27.00,,1.7,,,cash,entrectinib,phase2,phase2_single_arm,oncology,small_molecule,unknown,unverified,,Recall; verify against the target 8-K and SC 14D9 or DEFM14A. Ticker RXDX later reused by Prometheus (TK-2023-13),strategic,unknown
TK-2017-02,Kite Pharma,KITE,Gilead Sciences,big_pharma,2017-08-28,approx,180.00,,11.9,,,cash,axicabtagene ciloleucel,filed,phase2_single_arm,oncology,cell_therapy,unknown,unverified,,Recall; verify against the target 8-K and SC 14D9 or DEFM14A,strategic,unknown
TK-2017-01,Ariad Pharmaceuticals,ARIA,Takeda,big_pharma,2017-01-09,approx,24.00,,5.2,,,cash,ICLUSIG;brigatinib,approved,commercial,oncology,small_molecule,yes,unverified,,Recall; verify against the target 8-K and SC 14D9 or DEFM14A. Sarissa Capital activism 2015-2016,strategic,unknown
TK-2016-07,Tobira Therapeutics,TBRA,Allergan,big_pharma,2016-09-20,approx,28.35,49.84,0.57,,,cash_cvr,cenicriviroc,phase2,phase2_randomized,hepatology,small_molecule,unknown,unverified,,Recall; verify against the target 8-K and SC 14D9 or DEFM14A. Asset later failed in Phase 3; CVR unpaid,strategic,unknown
TK-2016-06,Vitae Pharmaceuticals,VTAE,Allergan,big_pharma,2016-09-14,approx,21.00,,0.64,,,cash,VTP-43742 (RORgt),phase2,phase1_poc,immunology,small_molecule,unknown,unverified,,Recall; verify against the target 8-K and SC 14D9 or DEFM14A,strategic,unknown
TK-2016-05,Medivation,MDVN,Pfizer,big_pharma,2016-08-22,approx,81.50,,14.0,,,cash,XTANDI;talazoparib,approved,commercial,oncology,small_molecule,yes,unverified,,Recall; verify against the target 8-K and SC 14D9 or DEFM14A. Sanofi hostile approach and threatened proxy fight; auction followed,contested,unknown
TK-2016-04,Relypsa,RLYP,Galenica,mid_pharma,2016-07-21,approx,32.00,,1.53,,,cash,VELTASSA,approved,commercial,nephrology,small_molecule,unknown,unverified,,Recall; verify against the target 8-K and SC 14D9 or DEFM14A,strategic,unknown
TK-2016-03,Celator Pharmaceuticals,CPXX,Jazz Pharmaceuticals,mid_pharma,2016-05-31,approx,30.25,,1.5,,,cash,VYXEOS (CPX-351),phase3,phase3_pivotal,oncology,small_molecule,unknown,unverified,,Recall; verify against the target 8-K and SC 14D9 or DEFM14A,strategic,unknown
TK-2016-02,Anacor Pharmaceuticals,ANAC,Pfizer,big_pharma,2016-05-16,approx,99.25,,5.2,,,cash,crisaborole,filed,phase3_pivotal,dermatology,small_molecule,unknown,unverified,,Recall; verify against the target 8-K and SC 14D9 or DEFM14A. Ticker ANAC later reused by a SPAC,strategic,unknown
TK-2016-01,Baxalta,BXLT,Shire,mid_pharma,2016-01-11,approx,,,32.0,,,cash_stock,hemophilia franchise,approved,commercial,hematology,protein,unknown,unverified,,Recall; verify against the target 8-K and SC 14D9 or DEFM14A. Unsolicited approach from August 2015,contested,unknown
TK-2015-11,Ocata Therapeutics,OCAT,Astellas Pharma,big_pharma,2015-11-10,approx,8.50,,0.38,,,cash,RPE cell therapy,phase1,phase1_poc,ophthalmology,cell_therapy,unknown,unverified,,Recall; verify against the target 8-K and SC 14D9 or DEFM14A,strategic,unknown
TK-2015-10,ZS Pharma,ZSPH,AstraZeneca,big_pharma,2015-11-06,approx,90.00,,2.7,,,cash,sodium zirconium cyclosilicate (ZS-9),filed,phase3_pivotal,nephrology,small_molecule,unknown,unverified,,Recall; verify against the target 8-K and SC 14D9 or DEFM14A,strategic,unknown
TK-2015-09,Dyax,DYAX,Shire,mid_pharma,2015-11-02,approx,37.30,4.00,5.9,,,cash_cvr,lanadelumab (DX-2930),phase1,phase1_poc,immunology,antibody,unknown,unverified,,Recall; verify against the target 8-K and SC 14D9 or DEFM14A. Bought on Phase 1b HAE data; became TAKHZYRO,strategic,unknown
TK-2015-08,Receptos,RCPT,Celgene,big_pharma,2015-07-14,approx,232.00,,7.2,,,cash,ozanimod,phase3,phase2_randomized,immunology,small_molecule,unknown,unverified,,Recall; verify against the target 8-K and SC 14D9 or DEFM14A,strategic,unknown
TK-2015-07,Kythera Biopharmaceuticals,KYTH,Allergan,big_pharma,2015-06-17,approx,75.00,,2.1,,,cash_stock,KYBELLA,approved,commercial,dermatology,small_molecule,unknown,unverified,,Recall; verify against the target 8-K and SC 14D9 or DEFM14A. Approved two months before the deal,strategic,unknown
TK-2015-06,Synageva BioPharma,GEVA,Alexion Pharmaceuticals,mid_pharma,2015-05-06,approx,230.00,,8.4,,,cash_stock,KANUMA (sebelipase alfa),filed,phase3_pivotal,rare_metabolic,protein,unknown,unverified,,Recall; verify against the target 8-K and SC 14D9 or DEFM14A. USD 115 cash plus 0.5 Alexion shares,strategic,unknown
TK-2015-04,Auspex Pharmaceuticals,ASPX,Teva Pharmaceutical,large_generic,2015-03-30,approx,101.00,,3.5,,,cash,deutetrabenazine (SD-809),phase3,phase3_pivotal,neurology,small_molecule,unknown,unverified,,Recall; verify against the target 8-K and SC 14D9 or DEFM14A,strategic,unknown
TK-2015-05,Hyperion Therapeutics,HPTX,Horizon Pharma,mid_pharma,2015-03-30,approx,46.00,,1.1,,,cash,RAVICTI,approved,commercial,rare_metabolic,small_molecule,unknown,unverified,,Recall; verify against the target 8-K and SC 14D9 or DEFM14A,strategic,unknown
TK-2015-03,Pharmacyclics,PCYC,AbbVie,big_pharma,2015-03-04,approx,261.25,,21.0,,,cash_stock,IMBRUVICA,approved,commercial,oncology,small_molecule,unknown,unverified,,Recall; verify against the target 8-K and SC 14D9 or DEFM14A. Johnson & Johnson (the Imbruvica partner) also bid,contested,no
TK-2015-02,Salix Pharmaceuticals,SLXP,Valeant,mid_pharma,2015-02-22,approx,173.00,,15.8,,,cash,XIFAXAN,approved,commercial,gastroenterology,small_molecule,unknown,unverified,,"Recall; verify against the target 8-K and SC 14D9 or DEFM14A. Agreed at USD 158, raised to USD 173 after an Endo bid; followed an inventory accounting scandal",contested,unknown
TK-2015-01,NPS Pharmaceuticals,NPSP,Shire,mid_pharma,2015-01-11,approx,46.00,,5.2,,,cash,GATTEX;NATPARA,approved,commercial,endocrinology,peptide,unknown,unverified,,Recall; verify against the target 8-K and SC 14D9 or DEFM14A,strategic,unknown
TK-2014-10,Cubist Pharmaceuticals,CBST,Merck & Co,big_pharma,2014-12-08,approx,102.00,,8.4,,,cash,CUBICIN;ZERBAXA,approved,commercial,infectious_disease,small_molecule,unknown,unverified,,Recall; verify against the target 8-K and SC 14D9 or DEFM14A,strategic,unknown
TK-2014-09,Avanir Pharmaceuticals,AVNR,Otsuka,mid_pharma,2014-12-02,approx,17.00,,3.5,,,cash,NUEDEXTA,approved,commercial,neurology,small_molecule,unknown,unverified,,Recall; verify against the target 8-K and SC 14D9 or DEFM14A,strategic,unknown
TK-2014-08,Prosensa Holding,RNA,BioMarin Pharmaceutical,mid_pharma,2014-11-24,approx,,,0.68,,,cash_cvr,drisapersen,filed,phase3_pivotal,neuromuscular,oligonucleotide,unknown,unverified,,Recall; verify against the target 8-K and SC 14D9 or DEFM14A. EUR 17.75 cash plus a CVR per share; ticker RNA later reused by Avidity (TK-2025-04),strategic,unknown
TK-2014-07,Durata Therapeutics,DRTX,Actavis,mid_pharma,2014-10-06,approx,23.00,5.00,0.675,,,cash_cvr,DALVANCE,approved,commercial,infectious_disease,small_molecule,unknown,unverified,,Recall; verify against the target 8-K and SC 14D9 or DEFM14A,strategic,unknown
TK-2014-06,Ambit Biosciences,AMBI,Daiichi Sankyo,big_pharma,2014-09-28,approx,15.00,4.50,0.41,,,cash_cvr,quizartinib,phase3,phase2_single_arm,oncology,small_molecule,unknown,unverified,,Recall; verify against the target 8-K and SC 14D9 or DEFM14A,strategic,unknown
TK-2014-05,InterMune,ITMN,Roche,big_pharma,2014-08-24,approx,74.00,,8.3,,,cash,ESBRIET (pirfenidone),filed,phase3_pivotal,respiratory,small_molecule,unknown,unverified,,Recall; verify against the target 8-K and SC 14D9 or DEFM14A. Approved in Europe; US resubmission under review,strategic,unknown
TK-2014-04,Idenix Pharmaceuticals,IDIX,Merck & Co,big_pharma,2014-06-09,approx,24.50,,3.85,,,cash,HCV nucleotide programmes,phase1,phase1_poc,infectious_disease,small_molecule,unknown,unverified,,Recall; verify against the target 8-K and SC 14D9 or DEFM14A. Premium above 200% widely reported; bought for HCV patents and nucleotides,strategic,unknown
TK-2014-03,Chelsea Therapeutics,CHTP,Lundbeck,mid_pharma,2014-05-08,approx,6.44,1.50,0.53,,,cash_cvr,NORTHERA,approved,commercial,neurology,small_molecule,unknown,unverified,,Recall; verify against the target 8-K and SC 14D9 or DEFM14A,strategic,unknown
TK-2014-02,Furiex Pharmaceuticals,FURX,Forest Laboratories,mid_pharma,2014-04-28,approx,95.00,30.00,1.1,,,cash_cvr,eluxadoline,phase3,phase3_pivotal,gastroenterology,small_molecule,unknown,unverified,,Recall; verify against the target 8-K and SC 14D9 or DEFM14A,strategic,unknown
TK-2014-01,Questcor Pharmaceuticals,QCOR,Mallinckrodt,mid_pharma,2014-04-07,approx,86.10,,5.6,,,cash_stock,ACTHAR GEL,approved,commercial,immunology,peptide,unknown,unverified,,Recall; verify against the target 8-K and SC 14D9 or DEFM14A. USD 30 cash plus 0.897 Mallinckrodt shares,strategic,unknown
TK-2013-05,Santarus,SNTS,Salix Pharmaceuticals,mid_pharma,2013-11-07,approx,32.00,,2.6,,,cash,UCERIS;GLUMETZA,approved,commercial,gastroenterology,small_molecule,unknown,unverified,,Recall; verify against the target 8-K and SC 14D9 or DEFM14A,strategic,unknown
TK-2013-04,Onyx Pharmaceuticals,ONXX,Amgen,big_pharma,2013-08-25,approx,125.00,,10.4,,,cash,KYPROLIS,approved,commercial,oncology,small_molecule,yes,unverified,,Recall; verify against the target 8-K and SC 14D9 or DEFM14A. Publicly rejected USD 120 and ran a process,strategic,unknown
TK-2013-02,Trius Therapeutics,TSRX,Cubist Pharmaceuticals,mid_pharma,2013-07-30,approx,13.50,2.00,0.707,,,cash_cvr,tedizolid,phase3,phase3_pivotal,infectious_disease,small_molecule,unknown,unverified,,Recall; verify against the target 8-K and SC 14D9 or DEFM14A,strategic,unknown
TK-2013-03,Optimer Pharmaceuticals,OPTR,Cubist Pharmaceuticals,mid_pharma,2013-07-30,approx,10.75,5.00,0.535,,,cash_cvr,DIFICID,approved,commercial,infectious_disease,small_molecule,unknown,unverified,,Recall; verify against the target 8-K and SC 14D9 or DEFM14A,strategic,unknown
TK-2013-01,MAP Pharmaceuticals,MAPP,Allergan,mid_pharma,2013-01-22,approx,25.00,,0.96,,,cash,LEVADEX,filed,phase3_pivotal,neurology,small_molecule,unknown,unverified,,Recall; verify against the target 8-K and SC 14D9 or DEFM14A. Allergan co-promotion partner from 2011,strategic,yes
TK-2012-07,Medicis Pharmaceutical,MRX,Valeant,mid_pharma,2012-09-03,approx,44.00,,2.6,,,cash,SOLODYN;RESTYLANE,approved,commercial,dermatology,small_molecule,unknown,unverified,,Recall; verify against the target 8-K and SC 14D9 or DEFM14A,strategic,unknown
TK-2012-06,Human Genome Sciences,HGSI,GSK,big_pharma,2012-07-16,approx,14.25,,3.6,,,cash,BENLYSTA,approved,commercial,immunology,antibody,unknown,unverified,,Recall; verify against the target 8-K and SC 14D9 or DEFM14A. Hostile tender at USD 13 by its co-development partner,contested,yes
TK-2012-05,Amylin Pharmaceuticals,AMLN,Bristol Myers Squibb,big_pharma,2012-06-30,approx,31.00,,5.3,,,cash,BYETTA;BYDUREON,approved,commercial,cardiometabolic,peptide,yes,unverified,,Recall; verify against the target 8-K and SC 14D9 or DEFM14A. Ran a sale process after rejecting a USD 22 BMS approach; AstraZeneca joined as partner,strategic,unknown
TK-2012-04,Ardea Biosciences,RDEA,AstraZeneca,big_pharma,2012-04-23,approx,32.00,,1.26,,,cash,lesinurad,phase3,phase2_randomized,rheumatology,small_molecule,unknown,unverified,,Recall; verify against the target 8-K and SC 14D9 or DEFM14A,strategic,unknown
TK-2012-03,Ista Pharmaceuticals,ISTA,Bausch & Lomb,private_pharma,2012-03-26,approx,9.10,,0.5,,,cash,BROMDAY;ophthalmic portfolio,approved,commercial,ophthalmology,small_molecule,unknown,unverified,,Recall; verify against the target 8-K and SC 14D9 or DEFM14A. Valeant hostile approach first,contested,unknown
TK-2012-02,Micromet,MITI,Amgen,big_pharma,2012-01-26,approx,11.00,,1.16,,,cash,blinatumomab,phase2,phase2_single_arm,oncology,bispecific,unknown,unverified,,Recall; verify against the target 8-K and SC 14D9 or DEFM14A,strategic,unknown
TK-2012-01,Inhibitex,INHX,Bristol Myers Squibb,big_pharma,2012-01-07,approx,26.00,,2.5,,,cash,INX-189,phase2,phase1_poc,infectious_disease,small_molecule,unknown,unverified,,Recall; verify against the target 8-K and SC 14D9 or DEFM14A. Asset stopped in August 2012 for heart toxicity,strategic,unknown
TK-2011-05,Pharmasset,VRUS,Gilead Sciences,big_pharma,2011-11-21,approx,137.00,,11.2,,,cash,sofosbuvir (PSI-7977),phase2,phase2_randomized,infectious_disease,small_molecule,unknown,unverified,,Recall; verify against the target 8-K and SC 14D9 or DEFM14A. Premium of about 89% widely reported; the asset became SOVALDI and HARVONI,strategic,unknown
TK-2011-04,Anadys Pharmaceuticals,ANDS,Roche,big_pharma,2011-10-17,approx,3.70,,0.23,,,cash,setrobuvir,phase2,phase1_poc,infectious_disease,small_molecule,unknown,unverified,,Recall; verify against the target 8-K and SC 14D9 or DEFM14A,strategic,unknown
TK-2011-03,Cephalon,CEPH,Teva Pharmaceutical,large_generic,2011-05-02,approx,81.50,,6.8,,,cash,PROVIGIL;NUVIGIL;TREANDA,approved,commercial,neurology,small_molecule,unknown,unverified,,Recall; verify against the target 8-K and SC 14D9 or DEFM14A. Valeant hostile bid at USD 73 first,contested,unknown
TK-2011-02,Inspire Pharmaceuticals,ISPH,Merck & Co,big_pharma,2011-04-05,approx,5.00,,0.43,,,cash,AZASITE,approved,commercial,ophthalmology,small_molecule,unknown,unverified,,Recall; verify against the target 8-K and SC 14D9 or DEFM14A,strategic,unknown
TK-2011-01,Genzyme,GENZ,Sanofi,big_pharma,2011-02-16,approx,74.00,14.00,20.1,,,cash_cvr,CEREZYME;alemtuzumab (MS),approved,commercial,rare_metabolic,protein,yes,unverified,,"Recall; verify against the target 8-K and SC 14D9 or DEFM14A. Hostile approach from 2010; activists (Icahn, Relational) on the register; CVR mostly unpaid",contested,unknown
TK-2010-05,King Pharmaceuticals,KG,Pfizer,big_pharma,2010-10-12,approx,14.25,,3.6,,,cash,AVINZA;EMBEDA;EPIPEN (Meridian),approved,commercial,pain,small_molecule,unknown,unverified,,Recall; verify against the target 8-K and SC 14D9 or DEFM14A,strategic,unknown
TK-2010-04,ZymoGenetics,ZGEN,Bristol Myers Squibb,big_pharma,2010-09-07,approx,9.75,,0.885,,,cash,peginterferon lambda;RECOTHROM,phase2,phase1_poc,infectious_disease,protein,unknown,unverified,,Recall; verify against the target 8-K and SC 14D9 or DEFM14A. BMS partnered interferon lambda,strategic,yes
TK-2010-03,Abraxis BioScience,ABII,Celgene,big_pharma,2010-06-30,approx,,,2.9,,,cash_stock,ABRAXANE,approved,commercial,oncology,small_molecule,unknown,unverified,,Recall; verify against the target 8-K and SC 14D9 or DEFM14A. USD 58 cash plus Celgene stock plus a CVR; founder controlled,strategic,unknown
TK-2010-02,OSI Pharmaceuticals,OSIP,Astellas Pharma,big_pharma,2010-05-16,approx,57.50,,4.0,,,cash,TARCEVA,approved,commercial,oncology,small_molecule,unknown,unverified,,Recall; verify against the target 8-K and SC 14D9 or DEFM14A. Hostile offer at USD 52 raised,contested,unknown
TK-2010-01,Facet Biotech,FACT,Abbott,big_pharma,2010-03-09,approx,27.00,,0.45,,,cash,daclizumab,phase2,phase2_randomized,neurology,antibody,unknown,unverified,,Recall; verify against the target 8-K and SC 14D9 or DEFM14A. Biogen Idec hostile tender in 2009; Facet held net cash near its market value. Ticker FACT later reused by a SPAC,contested,unknown
TK-2009-04,Sepracor,SEPR,Dainippon Sumitomo,mid_pharma,2009-09-03,approx,23.00,,2.6,,,cash,LUNESTA;XOPENEX,approved,commercial,psychiatry,small_molecule,unknown,unverified,,Recall; verify against the target 8-K and SC 14D9 or DEFM14A,strategic,unknown
TK-2009-03,Medarex,MEDX,Bristol Myers Squibb,big_pharma,2009-07-22,approx,16.00,,2.4,,,cash,ipilimumab,phase3,phase2_randomized,oncology,antibody,unknown,unverified,,Recall; verify against the target 8-K and SC 14D9 or DEFM14A. BMS co-developed ipilimumab from 2004,strategic,yes
TK-2009-02,Noven Pharmaceuticals,NOVN,Hisamitsu,mid_pharma,2009-07-14,approx,16.50,,0.43,,,cash,transdermal portfolio,approved,commercial,psychiatry,small_molecule,unknown,unverified,,Recall; verify against the target 8-K and SC 14D9 or DEFM14A,strategic,unknown
TK-2009-01,CV Therapeutics,CVTX,Gilead Sciences,big_pharma,2009-03-12,approx,20.00,,1.4,,,cash,RANEXA,approved,commercial,cardiometabolic,small_molecule,unknown,unverified,,Recall; verify against the target 8-K and SC 14D9 or DEFM14A. Astellas made a hostile bid first,contested,unknown
TK-2008-05,Alpharma,ALO,King Pharmaceuticals,mid_pharma,2008-11-24,approx,40.50,,1.6,,,cash,FLECTOR;KADIAN,approved,commercial,pain,small_molecule,unknown,unverified,,Recall; verify against the target 8-K and SC 14D9 or DEFM14A. Hostile tender before the agreement,contested,unknown
TK-2008-04,ImClone Systems,IMCL,Eli Lilly,big_pharma,2008-10-06,approx,70.00,,6.5,,,cash,ERBITUX,approved,commercial,oncology,antibody,yes,unverified,,Recall; verify against the target 8-K and SC 14D9 or DEFM14A. BMS (the Erbitux partner) bid USD 60 then 62; Icahn chaired the board,contested,no
TK-2008-03,Sciele Pharma,SCRX,Shionogi,mid_pharma,2008-09-01,approx,31.00,,1.1,,,cash,specialty portfolio,approved,commercial,cardiometabolic,small_molecule,unknown,unverified,,Recall; verify against the target 8-K and SC 14D9 or DEFM14A,strategic,unknown
TK-2008-02,Sirtris Pharmaceuticals,SIRT,GSK,big_pharma,2008-04-22,approx,22.50,,0.72,,,cash,SRT501 (resveratrol),phase1,phase1_poc,cardiometabolic,small_molecule,unknown,unverified,,Recall; verify against the target 8-K and SC 14D9 or DEFM14A. Programme abandoned after the deal,strategic,unknown
TK-2008-01,Millennium Pharmaceuticals,MLNM,Takeda,big_pharma,2008-04-10,approx,25.00,,8.8,,,cash,VELCADE,approved,commercial,oncology,small_molecule,unknown,unverified,,Recall; verify against the target 8-K and SC 14D9 or DEFM14A,strategic,unknown
TK-2007-03,MGI Pharma,MOGN,Eisai,mid_pharma,2007-12-10,approx,41.00,,3.9,,,cash,ALOXI;DACOGEN,approved,commercial,oncology,small_molecule,unknown,unverified,,Recall; verify against the target 8-K and SC 14D9 or DEFM14A,strategic,unknown
TK-2007-02,MedImmune,MEDI,AstraZeneca,big_pharma,2007-04-23,approx,58.00,,15.6,,,cash,SYNAGIS;FLUMIST,approved,commercial,infectious_disease,antibody,yes,unverified,,Recall; verify against the target 8-K and SC 14D9 or DEFM14A. Auction after an activist stake (Icahn),strategic,unknown
TK-2007-01,New River Pharmaceuticals,NRPH,Shire,mid_pharma,2007-02-20,approx,64.00,,2.6,,,cash,VYVANSE,filed,phase3_pivotal,psychiatry,small_molecule,unknown,unverified,,Recall; verify against the target 8-K and SC 14D9 or DEFM14A. Shire co-developed Vyvanse; approved three days after the deal,strategic,yes
TK-2006-05,CoTherix,CTRX,Actelion,mid_pharma,2006-11-20,approx,13.50,,0.42,,,cash,VENTAVIS,approved,commercial,cardiopulmonary,small_molecule,unknown,unverified,,Recall; verify against the target 8-K and SC 14D9 or DEFM14A,strategic,unknown
TK-2006-04,Kos Pharmaceuticals,KOSP,Abbott,big_pharma,2006-11-06,approx,78.00,,3.7,,,cash,NIASPAN;ADVICOR,approved,commercial,cardiometabolic,small_molecule,unknown,unverified,,Recall; verify against the target 8-K and SC 14D9 or DEFM14A. Founder family controlled a large stake,strategic,unknown
TK-2006-03,Sirna Therapeutics,RNAI,Merck & Co,big_pharma,2006-10-30,approx,13.00,,1.1,,,cash,RNAi platform,phase1,none,platform,oligonucleotide,unknown,unverified,,Recall; verify against the target 8-K and SC 14D9 or DEFM14A,strategic,unknown
TK-2006-02,ICOS,ICOS,Eli Lilly,big_pharma,2006-10-17,approx,34.00,,2.3,,,cash,CIALIS (joint venture),approved,commercial,urology,small_molecule,yes,unverified,,Recall; verify against the target 8-K and SC 14D9 or DEFM14A. First offer USD 32; raised to USD 34 after holder opposition,strategic,yes
TK-2006-01,Myogen,MYOG,Gilead Sciences,big_pharma,2006-10-02,approx,52.50,,2.5,,,cash,ambrisentan,phase3,phase3_pivotal,cardiopulmonary,small_molecule,unknown,unverified,,Recall; verify against the target 8-K and SC 14D9 or DEFM14A,strategic,unknown
TK-2005-04,Abgenix,ABGX,Amgen,big_pharma,2005-12-14,approx,22.50,,2.2,,,cash,panitumumab,phase3,phase3_pivotal,oncology,antibody,unknown,unverified,,Recall; verify against the target 8-K and SC 14D9 or DEFM14A. Amgen co-developed panitumumab,strategic,yes
TK-2005-03,Eyetech Pharmaceuticals,EYET,OSI Pharmaceuticals,biotech,2005-08-22,approx,,,0.9,,,cash_stock,MACUGEN,approved,commercial,ophthalmology,oligonucleotide,unknown,unverified,,"Recall; verify against the target 8-K and SC 14D9 or DEFM14A. Cash plus OSI stock, about USD 20 per share",strategic,unknown
TK-2005-02,Vicuron Pharmaceuticals,MICU,Pfizer,big_pharma,2005-06-16,approx,29.10,,1.9,,,cash,anidulafungin;dalbavancin,filed,phase3_pivotal,infectious_disease,small_molecule,unknown,unverified,,Recall; verify against the target 8-K and SC 14D9 or DEFM14A,strategic,unknown
TK-2005-01,Transkaryotic Therapies,TKTX,Shire,mid_pharma,2005-04-21,approx,37.00,,1.6,,,cash,REPLAGAL;ELAPRASE,phase3,phase3_pivotal,rare_metabolic,protein,unknown,unverified,,Recall; verify against the target 8-K and SC 14D9 or DEFM14A. Replagal approved outside the US,strategic,unknown
