ticker,as_of,criterion,score,evidence_class,rationale,source_url
HROW,2026-10-08,C1,2,unverified,"Gross margin 71% in Q2 2026 on a mix that includes compounding",https://www.nasdaq.com/press-release/harrow-announces-second-quarter-2026-financial-results-2026-08-10
HROW,2026-10-08,C2,1,unverified,"VEVYE (about 40%) is chronic refill revenue; IHEEZO, TRIESENCE and compounding are procedure-driven repeat purchases",https://www.nasdaq.com/press-release/harrow-announces-second-quarter-2026-financial-results-2026-08-10
HROW,2026-10-08,C3,0,unverified,"Lead product failed the price test in H1 2026: VEVYE net revenue per script fell (8M gross-to-net hit); Q2 sequential ASP gain is management's claim; IHEEZO lost pass-through",https://insights.munich-startup.de/news/feed/harrow-reports-44-2m-q1-revenue-amid-8m-gross-to-net-modelling-hit-reaffirms-350m-365m-2026-guidance
HROW,2026-10-08,C4,1,unverified,"Growth funded by operating cash (43.9M in 2025) and 8.625% notes; no recent equity raise",https://www.sec.gov/Archives/edgar/data/1360214/000149315226008562/form10-k.htm
HROW,2026-10-08,C5,1,unverified,"Mixed: adjusted EBITDA 61.9M in 2025, then about -13.9M in H1 2026 after a pre-committed sales expansion (HROW-S01)",https://www.globenewswire.com/news-release/2026/03/02/3247864/0/en/Harrow-Announces-Q4-and-Full-Year-2025-Financial-Results-and-2026-Financial-Guidance.html
HROW,2026-10-08,C6,2,own_assumption,"Branded dry eye share 14.6% with a large generic-treated pool; repeatable in-licensing into one call point (seven deals)",https://www.harrow.com/assets/HarrowHistory.pdf
HROW,2026-10-08,C7,1,unverified,"VEVYE about 40% of revenue and PBM-gated; IHEEZO Medicare-gated; three licensors control supply or economics of the top lines",https://www.nasdaq.com/press-release/harrow-announces-second-quarter-2026-financial-results-2026-08-10
HROW,2026-10-08,C8,1,unverified,"Net debt about 216M: 2.4x guided 2026 adjusted EBITDA, 3.5x 2025 actual; no maturity before 2030",https://www.sec.gov/Archives/edgar/data/0001360214/000162828026055271/hrow-20260630.htm
MRLN,2026-10-08,C1,0,unverified,"Development work cost slightly more than it earned in Q2 2026",https://www.sec.gov/Archives/edgar/data/0002028707/000162828026056882/mrln-20260630.htm
MRLN,2026-10-08,C2,0,unverified,"Revenue is funded task orders under development contracts",https://www.sec.gov/Archives/edgar/data/0002028707/000162828026056882/mrln-20260630.htm
MRLN,2026-10-08,C3,,own_assumption,"Not testable: no product sold at a price yet",
MRLN,2026-10-08,C4,0,unverified,"Growth funded by SPAC proceeds and a ratcheting preferred",https://www.sec.gov/Archives/edgar/data/0002028707/000121390026057138/ea0289176-10q_merlin.htm
MRLN,2026-10-08,C5,0,unverified,"Adjusted EBITDA loss of 27.8M in Q2 2026, about triple a year earlier, on revenue of 2.2M",https://www.sec.gov/Archives/edgar/data/0002028707/000162828026056712/merlininc8-kxex99181326.htm
MRLN,2026-10-08,C6,2,own_assumption,"Large fleets without modern autonomy; pilot shortage; defense demand for reduced-crew aircraft",https://www.globenewswire.com/news-release/2026/09/09/3358555/0/en/merlin-announces-plans-to-pursue-a-civil-certification-strategy-for-large-aircraft.html
MRLN,2026-10-08,C7,0,unverified,"US government was about 97% of Q2 2026 revenue, concentrated in USSOCOM",https://www.sec.gov/Archives/edgar/data/0002028707/000162828026056882/mrln-20260630.htm
MRLN,2026-10-08,C8,1,unverified,"Cash 183.9M and no debt, but a 120M senior preferred and about 18 months of trailing runway",https://www.sec.gov/Archives/edgar/data/0002028707/000162828026056882/mrln-20260630.htm
