deal_id,ticker,announced_on,counterparty,asset,deal_type,paid_upfront_usd_m,milestones_max_usd_m,ongoing_terms,revenue_after_usd_m,revenue_after_period,evidence_class,source_url,note
HROW-D01,HROW,2021-07-27,Sintetica,IHEEZO (chloroprocaine gel 3%),license,5,13,"Per-unit transfer price plus per-unit royalty; 10-year term, extendable",81.3,FY2025,unverified,https://www.businesswire.com/news/home/20210727005107/en,"Up to 18M total including the 5M upfront; FY2025 revenue inflated by channel loading"
HROW-D02,HROW,2022-12-13,Novartis,"ILEVRO, NEVANAC, VIGAMOX, MAXIDEX, TRIESENCE (US rights)",acquisition,130,45,None after purchase,9.9,FY2025 (TRIESENCE only),unverified,https://www.biospace.com/harrow-enters-into-agreement-to-acquire-exclusive-u-s-rights-to-ilevro-nevanac-vigamox-maxidex-and-triesence,"Revenue of the other four products is not broken out, so the multiple is understated; milestone tied to TRIESENCE availability"
HROW-D03,HROW,2023-07-18,Novaliq,VEVYE (cyclosporine 0.1%) US and Canada,license,8,,"Low double-digit royalty on net sales plus commercial milestones",88.7,FY2025,unverified,https://www.businesswire.com/news/home/20230718821365/en,"Launched January 2024; milestones undisclosed, so the multiple is an upper bound"
HROW-D04,HROW,2025-06-09,Formosa Pharmaceuticals,BYQLOVI (clobetasol 0.05%) US,license,,,Undisclosed,,,unverified,https://www.businesswire.com/news/home/20250609515264/en/harrow-acquires-u.s.-commercial-rights-to-byqlovi%e2%84%a2-clobetasol-propionate-ophthalmic-suspension-0.05-from-formosa-pharmaceuticals,Previously licensed to Eyenovia; launch slipped to mid-2026
HROW-D05,HROW,2025-07-17,Samsung Bioepis,BYOOVIZ and OPUVIZ US,license,4,,Share of US net sales plus sales milestones,,,unverified,https://www.sec.gov/Archives/edgar/data/1360214/000149315226008562/form10-k.htm,Upfront paid February 2026
HROW-D06,HROW,2025-09-08,Bond investors,8.625% senior unsecured notes due 2030,financing,250,,"About 21.6M a year interest at 250M; refinanced 107.5M Oaktree facility, 75M 2026 notes, 40.25M 11.875% 2027 notes",,,unverified,https://www.sec.gov/Archives/edgar/data/1360214/000149315226008562/form10-k.htm,"The 2026-06-30 10-Q reportedly shows 300M outstanding; a 50M add-on is not yet confirmed (Q-028)"
MRLN-D01,MRLN,2026-03-17,PIPE investors,Series A preferred,financing,120,,"10% cash or 12% in-kind cumulative dividends; senior preference; conversion price reset from 12.00 to 6.67 on 2026-05-01",,,unverified,https://www.sec.gov/Archives/edgar/data/0002028707/000121390026057138/ea0289176-10q_merlin.htm,"Ratchet transferred value from common holders within two months of listing"
MRLN-D02,MRLN,2026-05-01,PIPE investor,Common stock plus warrants for 4.0M shares at 6.67,financing,,,"Down-round adjustable warrants",,,unverified,https://www.sec.gov/Archives/edgar/data/0002028707/000162828026058115/merlinpipeprospectussupple.htm,13.3M shares later registered for resale
HROW-D07,HROW,2026-08-03,Viatris,TYRVAYA (varenicline nasal spray) worldwide ex-Japan,acquisition,30,70,Sales-based milestones; Viatris pays Harrow royalties on Japan sales,,,unverified,https://www.sec.gov/Archives/edgar/data/0001360214/000149315226036256/form8-k.htm,Bought with negative trailing EBITDA and about 84M cash; company expects over 30M revenue in 2027
