guide_id,ticker,metric,period,kind,given_on,resolved_on,low,high,actual,deadline,actual_date,unit,evidence_class,source_url,note
HROW-G01,HROW,revenue,FY2023,level,2023-01-23,2024-03-15,135,143,130.2,,,USD m,unverified,https://www.ophthalmologytimes.com/view/harrow-closes-acquisition-of-u-s-rights-to-novartis-drugs,"Guide reaffirmed at the Novartis closing; actual 130.2 per FY2024 release comparison; resolved_on approximate"
HROW-G02,HROW,revenue,FY2024,level,2024-03-27,2025-03-17,180,,199.6,,,USD m,unverified,https://www.tipranks.com/news/the-fly/harrow-health-backs-2024-revenue-guidance-of-at-least-180m-consensus-184-91m,"At least 180M; FY2024 audit delayed by new auditor"
HROW-G03,HROW,revenue,FY2025 original,level,2025-03-27,2026-03-02,280,,272.3,,,USD m,unverified,https://www.harrow.com/static-files/5c3f6f53-c5ec-456f-b360-af2e2179b9ff,"Over 280M, described by the CEO as directional guidance; reaffirmed in August 2025; cut later in 2025"
HROW-G04,HROW,revenue,FY2025 revised,level,2025-11-10,2026-03-02,270,280,272.3,,,USD m,unverified,https://seekingalpha.com/news/4520142-harrow-updates-2025-revenue-guidance-to-270m-280m-as-vevye-and-iheezo-drive-growth-with-major,"Cut guide; given_on approximate (Q3 2025 report)"
HROW-G05,HROW,revenue,H1 2026,level,2026-03-02,2026-08-10,133,153,114.9,,,USD m,unverified,https://finance.yahoo.com/news/harrow-q4-earnings-call-highlights-161826840.html,"Overlaps HROW-G06 (Q2 is inside H1); both kept because they were separate statements"
HROW-G06,HROW,revenue,Q2 2026,level,2026-05-11,2026-08-10,71,81,70.7,,,USD m,unverified,https://www.marketbeat.com/instant-alerts/harrow-q2-earnings-call-highlights-2026-08-11/,
HROW-G07,HROW,BYQLOVI US availability,launch,timeline,2025-06-09,2026-03-02,,,,2025-12-31,2026-06-30,date,unverified,https://www.sec.gov/Archives/edgar/data/1360214/000149315226008562/form10-k.htm,"Guided Q4 2025 at signing; 10-K moved it to mid-2026; actual_date is the revised expectation, not a confirmed launch"
HROW-G08,HROW,revenue,FY2026,level,2026-03-02,,350,365,,,,USD m,management_guidance,https://www.globenewswire.com/news-release/2026/03/02/3247864/0/en/Harrow-Announces-Q4-and-Full-Year-2025-Financial-Results-and-2026-Financial-Guidance.html,Reaffirmed 2026-08-10; H1 actual 114.9 leaves 235-250 for H2
HROW-G09,HROW,adjusted EBITDA,FY2026,level,2026-03-02,,80,100,,,,USD m,management_guidance,https://www.globenewswire.com/news-release/2026/03/02/3247864/0/en/Harrow-Announces-Q4-and-Full-Year-2025-Financial-Results-and-2026-Financial-Guidance.html,H1 actual about -13.9
HROW-G10,HROW,VEVYE revenue,FY2026,level,2026-05-11,,100,,,,,USD m,management_guidance,https://www.globenewswire.com/news-release/2026/05/11/3292306/0/en/index.html,H1 actual 50.3 (20.9 + 29.4)
HROW-G11,HROW,quarterly revenue run rate,Q4 2027,level,2026-03-02,,250,,,,,USD m per quarter,management_guidance,https://finance.yahoo.com/news/harrow-q4-earnings-call-highlights-161826840.html,"Over 250M quarterly revenue by end of 2027 (goal, not formal guidance)"
MRLN-G01,MRLN,revenue,FY2026,level,2025-08-14,,32,,,,,USD m,unverified,https://www.washingtontechnology.com/companies/2026/03/merlin-labs-public-offering-collects-200m-build-ai-autopilot-any-aircraft/412209/,"Merger projection as reported by press; H1 2026 actual 3.2; check against the S-4 projections table"
HROW-G12,HROW,TYRVAYA revenue,FY2027,level,2026-08-10,,30,,,,,USD m,management_guidance,https://www.sec.gov/Archives/edgar/data/0001360214/000149315226036865/ex99-1.htm,Stated as more than 30M in 2027 if the deal closes; deal closed
HROW-G13,HROW,gross margin,H2 2026,level,2026-08-10,,77,79,,,,percent,management_guidance,https://www.sec.gov/Archives/edgar/data/0001360214/000149315226036865/ex99-1.htm,High-70s percent target vs 71% GAAP in Q2; range is our reading of 'high 70% range' (A)
