symbol,name,layer,first_seen,last_seen,n_snapshots,last_market_cap_usd_m,max_market_cap_usd_m,exit_class,successor_symbol,matched_deal_id,flags,resolution,resolution_note
AYTUP,Aytu BioScience Inc.,therapeutics,2021-02-02,2021-02-02,1,0.0,0.0,exit_small,,,,unresolved,
BEAT,BioTelemetry Inc. Common Stock,diagnostics,2021-02-02,2021-02-02,1,2461.8,2461.8,exit_large,,,candidate_missing_deal,unresolved,
CBMG,Cellular Biomedicine Group Inc. Common Stock,therapeutics,2021-02-02,2021-02-02,1,382.9,382.9,exit_large,,,candidate_missing_deal,going_private,Management-led going-private buyout announced in 2020; not in the deal table (recall)
FSDC,FS Development Corp. Class A Common Stock,therapeutics,2021-02-02,2021-02-02,1,202.0,202.0,exit_mid,,,,unresolved,
IDXG,Interpace Biosciences Inc. Common Stock,medtech,2021-02-02,2021-02-02,1,17.6,17.6,exit_small,,,,unresolved,
SNSS,Sunesis Pharmaceuticals Inc. Common Stock,therapeutics,2021-02-02,2021-02-02,1,48.9,48.9,exit_small,,,,unresolved,
SPEL,Spinal Elements Holdings Inc. Common Stock,medtech,2021-02-02,2021-02-02,1,0.0,0.0,exit_small,,,,unresolved,
SVA,Sinovac Biotech Ltd. Ordinary Shares,therapeutics,2021-02-02,2021-02-02,1,639.9,639.9,exit_large,,,candidate_missing_deal,trading_halt,Sinovac: Nasdaq trading halted since 2019 amid a control dispute; not a deal (recall)
ANCN,Anchiano Therapeutics Ltd. American Depositary Share,therapeutics,2021-02-02,2021-03-02,2,27.8,27.8,exit_small,,,,unresolved,
BASI,Bioanalytical Systems Inc. Common Stock,services,2021-02-02,2021-03-02,2,203.4,203.4,exit_mid,,,,unresolved,
CGIX,Cancer Genetics Inc. Common Stock,diagnostics,2021-02-02,2021-03-02,2,65.8,65.8,exit_mid,,,,unresolved,
NEOS,Neos Therapeutics Inc. Common Stock,therapeutics,2021-02-02,2021-03-02,2,43.9,43.9,exit_small,,,,unresolved,
NK,NantKwest Inc. Common Stock,therapeutics,2021-02-02,2021-03-02,2,3625.6,3625.6,exit_large,,,candidate_missing_deal,merger_rename,NantKwest merged with ImmunityBio in 2021 and took the ImmunityBio name and ticker IBRX (recall)
NTN,NTN Buzztime Inc. Common Stock,therapeutics,2021-02-02,2021-03-02,2,10.7,13.8,exit_small,,,,unresolved,
OXFD,Oxford Immunotec Global PLC Ordinary Shares,diagnostics,2021-02-02,2021-03-02,2,561.7,561.7,exit_large,,,candidate_missing_deal,unresolved,
TRXC,TransEnterix Inc. Common Stock,medtech,2021-02-02,2021-03-02,2,836.0,836.0,exit_large,,,candidate_missing_deal,unresolved,
UROV,Urovant Sciences Ltd. Common Stock,therapeutics,2021-02-02,2021-03-02,2,530.1,530.1,exit_large,,TK-2020-11,,takeout_in_db,
VIE,Viela Bio Inc. Common Stock,therapeutics,2021-02-02,2021-03-02,2,2906.1,2906.1,exit_large,,TK-2021-09,,takeout_in_db,
AKER,Akers Biosciences Inc. Common Stock,diagnostics,2021-02-02,2021-04-01,3,53.6,63.1,exit_mid,,,,unresolved,
CBPO,China Biologic Products Holdings Inc. Ordinary Shares,therapeutics,2021-02-02,2021-04-01,3,4592.9,4592.9,exit_large,,TK-2020-12,,takeout_in_db,
CHFS,CHF Solutions Inc. Common Stock,medtech,2021-02-02,2021-04-01,3,38.6,38.6,exit_small,,,,unresolved,
FPRX,Five Prime Therapeutics Inc. Common Stock,therapeutics,2021-02-02,2021-04-01,3,1754.4,1754.4,exit_large,,TK-2021-07,,takeout_in_db,
GNMK,GenMark Diagnostics Inc. Common Stock,medtech,2021-02-02,2021-04-01,3,1758.9,1758.9,exit_large,,,candidate_missing_deal,unresolved,
PAND,Pandion Therapeutics Inc. Common Stock,therapeutics,2021-02-02,2021-04-01,3,1772.4,1806.3,exit_large,,TK-2021-08,,takeout_in_db,
SNCA,Seneca Biopharma Inc. Common Stock,therapeutics,2021-02-02,2021-04-01,3,29.4,29.4,exit_small,,,,unresolved,
VAR,Varian Medical Systems Inc. Common Stock,medtech,2021-02-02,2021-04-01,3,16212.3,16212.3,exit_large,,,candidate_missing_deal,unresolved,
GWPH,GW Pharmaceuticals Plc American Depositary Shares,therapeutics,2021-02-02,2021-05-01,4,6905.9,6905.9,exit_large,,TK-2021-12,,takeout_in_db,
CMD,Cantel Medical Corp. Common Stock,medtech,2021-02-02,2021-06-02,5,3400.8,3716.0,exit_large,,,candidate_missing_deal,unresolved,
MLND,Millendo Therapeutics Inc. Common Stock,therapeutics,2021-02-02,2021-06-02,5,22.7,41.0,exit_small,,,,unresolved,
OBLN,Obalon Therapeutics Inc. Common Stock,medtech,2021-02-02,2021-06-02,5,33.2,35.3,exit_small,,,,unresolved,
ALXN,Alexion Pharmaceuticals Inc. Common Stock,therapeutics,2021-02-02,2021-07-01,6,40603.4,40603.4,exit_large,,TK-2020-08,,takeout_in_db,
CNST,Constellation Pharmaceuticals Inc. Common Stock,therapeutics,2021-02-02,2021-07-01,6,1621.2,1621.2,exit_large,,TK-2021-13,,takeout_in_db,
EARS,Auris Medical Holding Ltd. Common Shares 0.01 SF (Bermuda),therapeutics,2021-02-02,2021-07-01,6,25.3,25.3,exit_small,,,,unresolved,
LMNX,Luminex Corporation Common Stock,medtech,2021-02-02,2021-07-01,6,1741.1,1745.4,exit_large,,,candidate_missing_deal,unresolved,
PRAH,PRA Health Sciences Inc. Common Stock,services,2021-02-02,2021-07-01,6,10704.8,11047.0,exit_large,,,candidate_missing_deal,unresolved,
ARPO,Aerpio Pharmaceuticals Inc. Common Stock,therapeutics,2021-02-02,2021-08-03,7,97.1,97.1,exit_mid,,,,unresolved,
CERC,Cerecor Inc. Common Stock,therapeutics,2021-02-02,2021-08-03,7,256.8,330.1,exit_mid,,,,unresolved,
CHMA,Chiasma Inc. Common Stock,therapeutics,2021-02-02,2021-08-03,7,263.7,273.9,exit_mid,,,,unresolved,
KIN,Kindred Biosciences Inc. Common Stock,therapeutics,2021-02-02,2021-08-03,7,419.6,419.6,exit_large,,TK-2021-10,,takeout_in_db,
NTEC,Intec Parent Inc. Common Stock (DE),therapeutics,2021-02-02,2021-08-03,7,20.3,20.3,exit_small,,,,unresolved,
AZRX,AzurRx BioPharma Inc. Common Stock,therapeutics,2021-02-02,2021-09-01,8,58.7,95.1,exit_mid,,,,unresolved,
CATB,Catabasis Pharmaceuticals Inc. Common Stock,therapeutics,2021-02-02,2021-09-01,8,127.9,162.4,exit_mid,,,,unresolved,
CBLI,Cytocom Inc.  Common Stock,services,2021-02-02,2021-09-01,8,49.1,126.0,exit_small,,,,unresolved,
TBIO,Translate Bio Inc. Common Stock,therapeutics,2021-02-02,2021-09-01,8,2826.9,2826.9,exit_large,,TK-2021-06,,takeout_in_db,
TLC,Taiwan Liposome Company Ltd. American Depository Shares,therapeutics,2021-02-02,2021-09-01,8,313.1,313.1,exit_large,,,candidate_missing_deal,unresolved,Taiwan Liposome ADS left Nasdaq in 2021; reason not checked
APOP,Cellect Biotechnology Ltd. American Depositary Shares,medtech,2021-02-02,2021-10-01,9,18.1,20.8,exit_small,,,,unresolved,
HJLI,Hancock Jaffe Laboratories Inc. Common Stock,medtech,2021-02-02,2021-10-01,9,98.3,98.3,exit_mid,,,,unresolved,
MSON,MISONIX Inc. Common Stock (DE),medtech,2021-02-02,2021-10-01,9,440.9,452.6,exit_large,,,candidate_missing_deal,unresolved,
SBBP,Strongbridge Biopharma plc Ordinary Shares,therapeutics,2021-02-02,2021-10-01,9,138.4,212.5,exit_mid,,,,unresolved,
TLGT,Teligent Inc. Common Stock,therapeutics,2021-02-02,2021-10-01,9,37.0,63.4,exit_small,,,,unresolved,
ADMS,Adamas Pharmaceuticals Inc. Common Stock,therapeutics,2021-02-02,2021-11-02,10,372.8,372.8,exit_large,,TK-2021-11,,takeout_in_db,
EYEG,Eyegate Pharmaceuticals Inc. Common Stock,therapeutics,2021-02-02,2021-11-02,10,25.1,45.5,exit_small,,,,unresolved,
FLXN,Flexion Therapeutics Inc. Common Stock,therapeutics,2021-02-02,2021-11-02,10,467.5,639.7,exit_large,,TK-2021-14,,takeout_in_db,
KDMN,Kadmon Holdings Inc. Common Stock,therapeutics,2021-02-02,2021-11-02,10,1667.3,1667.3,exit_large,,TK-2021-04,,takeout_in_db,
TRIL,Trillium Therapeutics Inc. Common Shares,therapeutics,2021-02-02,2021-11-02,10,1889.9,1889.9,exit_large,,TK-2021-05,,takeout_in_db,
XLRN,Acceleron Pharma Inc. Common Stock,therapeutics,2021-02-02,2021-11-02,10,10626.2,10626.2,exit_large,,TK-2021-03,,takeout_in_db,
ADXS,Advaxis Inc. Common Stock,therapeutics,2021-02-02,2021-12-01,11,53.9,98.8,exit_mid,,,,unresolved,
DRNA,Dicerna Pharmaceuticals Inc. Common Stock,therapeutics,2021-02-02,2021-12-01,11,2961.3,2961.3,exit_large,,TK-2021-02,,takeout_in_db,
HRC,Hill-Rom Holdings Inc Common Stock,medtech,2021-02-02,2021-12-01,11,10270.8,10270.8,exit_large,,,candidate_missing_deal,unresolved,
ITMR,Itamar Medical Ltd. American Depository Shares,medtech,2021-02-02,2021-12-01,11,503.3,503.3,exit_large,,,candidate_missing_deal,unresolved,
PPD,PPD Inc. Common Stock,services,2021-02-02,2021-12-01,11,16550.7,16634.8,exit_large,,,candidate_missing_deal,unresolved,
SOLY,Soliton Inc. Common Stock,medtech,2021-02-02,2021-12-01,11,443.4,485.7,exit_large,,,candidate_missing_deal,unresolved,
CRY,CryoLife Inc. Common Stock,medtech,2021-02-02,2022-01-01,12,800.4,1149.1,exit_large,,,candidate_missing_deal,unresolved,
ODT,Odonate Therapeutics Inc. Common Stock,therapeutics,2021-02-02,2022-01-01,12,52.0,893.4,exit_mid,,,,unresolved,
OSMT,Osmotica Pharmaceuticals plc Ordinary Shares,therapeutics,2021-02-02,2022-01-01,12,90.0,266.6,exit_mid,,,,unresolved,
ZIOP,ZIOPHARM Oncology Inc Common Stock,therapeutics,2021-02-02,2022-01-01,12,235.6,1127.2,exit_mid,,,,unresolved,
APR,Apria Inc. Common Stock,medtech,2021-03-02,2022-03-01,13,1331.0,1331.0,exit_large,,,candidate_missing_deal,unresolved,
ARNA,Arena Pharmaceuticals Inc. Common Stock,therapeutics,2021-02-02,2022-03-01,14,5855.8,5855.8,exit_large,,TK-2021-01,,takeout_in_db,
BDSI,BioDelivery Sciences International Inc. Common Stock,therapeutics,2021-02-02,2022-03-01,14,566.6,566.6,exit_large,,TK-2022-14,,takeout_in_db,
BFRA,Biofrontera AG American Depositary Shares,therapeutics,2021-02-02,2022-03-01,14,80.3,199.6,exit_mid,,,,unresolved,
IGAP,Integrity Applications Inc. Common Stock,medtech,2022-01-01,2022-03-01,3,52.6,64.4,exit_mid,,,,unresolved,
ORPH,Orphazyme A/S American Depositary Shares,therapeutics,2021-02-02,2022-03-01,14,43.1,431.3,exit_small,,,,unresolved,
REPH,Recro Pharma Inc. Common Stock,therapeutics,2021-02-02,2022-03-01,14,78.0,113.0,exit_mid,,,,unresolved,
ZGNX,Zogenix Inc. Common Stock,therapeutics,2021-02-02,2022-03-01,14,1473.1,1473.1,exit_large,,TK-2022-08,,takeout_in_db,
ZIMVV,ZimVie Inc. Common Stock When-Issued,medtech,2022-03-01,2022-03-01,1,991.8,991.8,exit_large,,,candidate_missing_deal,unresolved,
FLDM,Fluidigm Corporation Common Stock,tools,2021-02-02,2022-04-01,15,277.1,549.2,exit_mid,,,,unresolved,
KLDO,Kaleido Biosciences Inc. Common Stock,therapeutics,2021-02-02,2022-04-01,15,70.3,491.5,exit_mid,,,,unresolved,
ATRS,Antares Pharma Inc. Common Stock,medtech,2021-02-02,2022-05-03,16,953.6,953.6,exit_large,,,candidate_missing_deal,unresolved,
HTBX,Heat Biologics Inc. Common Stock,therapeutics,2021-02-02,2022-05-03,16,61.0,187.0,exit_mid,,,,unresolved,
IIN,Intricon Corporation Common Stock,medtech,2021-02-02,2022-05-03,16,222.7,230.7,exit_mid,,,,unresolved,
OCDX,Ortho Clinical Diagnostics Holdings plc Ordinary Shares,diagnostics,2021-02-02,2022-05-03,16,4197.5,5161.1,exit_large,,,candidate_missing_deal,unresolved,
QSAM,QSAM Biosciences Inc.,therapeutics,2022-05-03,2022-05-03,1,9.6,9.6,exit_small,,,,unresolved,
XENT,Intersect ENT Inc. Common Stock,medtech,2021-02-02,2022-05-03,16,933.9,946.4,exit_large,,,candidate_missing_deal,unresolved,
GNCA,Genocea Biosciences Inc. Common Stock,therapeutics,2021-02-02,2022-06-01,17,3.6,164.3,exit_small,,,,unresolved,
LBPS,4D pharma plc American Depositary Shares,therapeutics,2021-04-01,2022-06-01,15,72.6,286.5,exit_mid,,,,unresolved,
ZSAN,Zosano Pharma Corporation Common Stock,therapeutics,2021-02-02,2022-06-01,17,9.2,135.7,exit_small,,,,unresolved,
CRTX,Cortexyme Inc. Common Stock,therapeutics,2021-02-02,2022-07-01,18,80.3,2858.7,exit_mid,,,,unresolved,
ETTX,Entasis Therapeutics Holdings Inc. Common Stock,therapeutics,2021-02-02,2022-07-01,18,105.3,158.0,exit_mid,,,,unresolved,
NTUS,Natus Medical Incorporated Common Stock,medtech,2021-02-02,2022-07-01,18,1133.3,1145.5,exit_large,,,candidate_missing_deal,unresolved,
PSTI,Pluristem Therapeutics Inc. Common Stock,therapeutics,2021-02-02,2022-07-01,18,39.8,195.8,exit_small,,,,unresolved,
SRRA,Sierra Oncology Inc. Common Stock,therapeutics,2021-02-02,2022-07-01,18,1251.3,1251.3,exit_large,,TK-2022-11,,takeout_in_db,
CRXT,Clarus Therapeutics Holdings Inc. Common Stock,therapeutics,2021-10-01,2022-08-02,11,14.7,124.3,exit_small,,,,unresolved,
ENDP,Endo International plc Ordinary Shares,therapeutics,2021-02-02,2022-08-02,19,122.7,1920.6,exit_mid,,,,unresolved,
EPZM,Epizyme Inc. Common Stock,therapeutics,2021-02-02,2022-08-02,19,249.1,1119.9,exit_mid,,TK-2022-15,,takeout_in_db,
EVFM,Evofem Biosciences Inc. Common Stock,therapeutics,2021-02-02,2022-08-02,19,27.2,312.1,exit_small,,,,unresolved,
EYES,Second Sight Medical Products Inc. Common Stock,medtech,2021-02-02,2022-08-02,19,71.7,230.2,exit_mid,,,,unresolved,
GRVI,Grove Inc. Common Stock,therapeutics,2021-07-01,2022-08-02,14,84.7,93.1,exit_mid,,,,unresolved,
IMAC,IMAC Holdings Inc. Common Stock,diagnostics,2021-02-02,2022-08-02,19,26.8,49.9,ticker_change,BACK,,,ticker_change,successor BACK
LJPC,La Jolla Pharmaceutical Company Common Stock (DE),therapeutics,2021-02-02,2022-08-02,19,154.4,173.9,exit_mid,,,,unresolved,
OBCI,Ocean Bio-Chem Inc. Common Stock,therapeutics,2021-02-02,2022-08-02,19,123.2,129.5,exit_mid,,,,unresolved,
RDUS,Radius Health Inc. Common Stock,therapeutics,2021-02-02,2022-08-02,19,479.8,1053.4,exit_large,,TK-2022-10,,takeout_in_db,
TPTX,Turning Point Therapeutics Inc. Common Stock,therapeutics,2021-02-02,2022-08-02,19,3724.4,5995.5,exit_large,,TK-2022-06,,takeout_in_db,
ADGI,Adagio Therapeutics Inc. Common Stock,therapeutics,2021-09-01,2022-09-01,13,500.4,5233.3,exit_large,,,candidate_missing_deal,rename,Adagio Therapeutics renamed Invivyd (IVVD) in 2022 (recall)
ALNA,Allena Pharmaceuticals Inc. Common Stock,therapeutics,2021-02-02,2022-09-01,20,11.3,87.4,exit_small,,,,unresolved,
BBI,Brickell Biotech Inc. Common Stock,therapeutics,2021-02-02,2022-09-01,20,6.7,73.0,exit_small,,,,unresolved,
CLSN,Celsion Corporation Common Stock,therapeutics,2021-02-02,2022-09-01,20,15.1,157.4,exit_small,,,,unresolved,
TYME,Tyme Technologies Inc. Common Stock,therapeutics,2021-02-02,2022-09-01,20,49.5,373.2,exit_small,,,,unresolved,
ZEAL,Zealand Pharma A/S American Depositary Shares,therapeutics,2021-02-02,2022-09-01,20,799.5,1453.9,exit_large,,,candidate_missing_deal,voluntary_delisting,Zealand Pharma delisted its ADS from Nasdaq in 2022; Copenhagen listing continues (recall)
BTX,Brooklyn ImmunoTherapeutics Inc. Common Stock,therapeutics,2021-04-01,2022-10-01,19,14.5,2067.4,exit_small,,,,unresolved,
CCXI,ChemoCentryx Inc. Common Stock,therapeutics,2021-02-02,2022-10-01,21,3715.4,4733.9,exit_large,,TK-2022-05,,takeout_in_db,
FMTX,Forma Therapeutics Holdings Inc. Common Stock,therapeutics,2021-02-02,2022-10-01,21,954.8,1721.0,exit_large,,TK-2022-03,,takeout_in_db,
GBT,Global Blood Therapeutics Inc. Common Stock,therapeutics,2021-02-02,2022-10-01,21,4595.1,4595.1,exit_large,,TK-2022-04,,takeout_in_db,
SYN,Synthetic Biologics Inc. Common Stock,therapeutics,2021-02-02,2022-10-01,21,15.6,88.5,exit_small,,,,unresolved,
AERI,Aerie Pharmaceuticals Inc. Common Stock,therapeutics,2021-02-02,2022-11-01,22,751.7,897.9,exit_large,,TK-2022-13,,takeout_in_db,
LGNDV,Ligand Pharmaceuticals Incorporated Common Stock Ex-distribution When Issued,therapeutics,2022-11-01,2022-11-01,1,0.0,0.0,exit_small,,,,unresolved,
LNDC,Landec Corporation Common Stock (DE),therapeutics,2021-02-02,2022-11-01,22,294.5,341.4,exit_mid,,,,unresolved,
LOGC,LogicBio Therapeutics Inc. Common Stock,therapeutics,2021-02-02,2022-11-01,22,67.6,288.0,exit_mid,,,,unresolved,
MITO,Stealth BioTherapeutics Corp. ADS,therapeutics,2021-02-02,2022-11-01,22,23.4,96.5,exit_small,,,,unresolved,
PHAS,PhaseBio Pharmaceuticals Inc. Common Stock,therapeutics,2021-02-02,2022-11-01,22,5.2,190.2,exit_small,,,,unresolved,
ABMD,ABIOMED Inc. Common Stock,medtech,2021-02-02,2022-12-01,23,17035.0,17035.0,exit_large,,,candidate_missing_deal,unresolved,
AGTC,Applied Genetic Technologies Corporation Common Stock,therapeutics,2021-02-02,2022-12-01,23,26.6,235.0,exit_small,,,,unresolved,
CLVS,Clovis Oncology Inc. Common Stock,therapeutics,2021-02-02,2022-12-01,23,47.8,875.0,exit_small,,,,unresolved,
FWP,Forward Pharma A/S American Depositary Shares,therapeutics,2021-02-02,2022-12-01,23,21.1,68.3,exit_small,,,,unresolved,
GMTX,Gemini Therapeutics Inc. Common Stock,therapeutics,2021-03-02,2022-12-01,22,74.5,706.7,exit_mid,,,,unresolved,
OTIC,Otonomy Inc. Common Stock,therapeutics,2021-02-02,2022-12-01,23,10.3,222.8,exit_small,,,,unresolved,
QTNT,Quotient Limited Ordinary Shares,diagnostics,2021-02-02,2022-12-01,23,2.7,509.1,exit_small,,,,unresolved,
RCOR,Renovacor Inc. Common Stock,therapeutics,2021-10-01,2022-12-01,15,55.3,151.9,exit_mid,,,,unresolved,
SCPS,Scopus BioPharma Inc. Common Stock,therapeutics,2021-02-02,2022-12-01,23,4.6,145.0,exit_small,,,,unresolved,
YMTX,Yumanity Therapeutics Inc. Common Stock,therapeutics,2021-02-02,2022-12-01,23,19.4,186.0,exit_small,,,,unresolved,
AVEO,AVEO Pharmaceuticals Inc. Common Stock,therapeutics,2021-02-02,2023-01-04,24,520.1,520.1,exit_large,,TK-2022-09,,takeout_in_db,
DNAY,Codex DNA Inc. Common Stock,diagnostics,2021-07-01,2023-01-04,19,38.4,621.0,exit_small,,,,unresolved,
IDRA,Idera Pharmaceuticals Inc. Common Stock,therapeutics,2021-02-02,2023-01-04,24,28.7,209.4,exit_small,,,,unresolved,
IMGO,Imago BioSciences Inc. Common stock,therapeutics,2021-08-03,2023-01-04,18,1217.6,1217.6,exit_large,,TK-2022-01,,takeout_in_db,
OYST,Oyster Point Pharma Inc. Common Stock,therapeutics,2021-02-02,2023-01-04,24,299.9,536.1,exit_mid,,,,unresolved,
PKBO,Peak Bio Inc. Common Stock,therapeutics,2022-12-01,2023-01-04,2,81.2,99.9,exit_mid,,,,unresolved,
SPNE,SeaSpine Holdings Corporation Common Stock,diagnostics,2021-02-02,2023-01-04,24,332.6,685.8,exit_large,,,candidate_missing_deal,unresolved,
STAB,Statera Biopharma Inc. Common Stock,therapeutics,2021-10-01,2023-01-04,16,5.1,122.6,exit_small,,,,unresolved,
TCDA,Tricida Inc. Common Stock,therapeutics,2021-02-02,2023-01-04,24,9.9,693.9,exit_small,,,,unresolved,
VIVE,Viveve Medical Inc. Common Stock,medtech,2021-02-02,2023-01-04,24,7.0,31.6,exit_small,,,,unresolved,
CALA,Calithera Biosciences Inc. Common Stock,therapeutics,2021-02-02,2023-02-01,25,2.0,206.0,exit_small,,,,unresolved,
CINC,CinCor Pharma Inc. Common Stock,therapeutics,2022-02-01,2023-02-01,13,1266.1,1472.2,exit_large,,TK-2023-15,,takeout_in_db,
IMRA,IMARA Inc. Common Stock,therapeutics,2021-02-02,2023-02-01,25,121.4,241.3,exit_mid,,,,unresolved,
ISR,IsoRay Inc. Common Stock (DE),medtech,2021-02-02,2023-02-01,25,54.0,214.6,exit_mid,,,,unresolved,
IVC,Invacare Corporation Common Stock,medtech,2021-02-02,2023-02-01,25,24.9,346.2,exit_small,,,,unresolved,
SRNE,Sorrento Therapeutics Inc.  Common Stock,therapeutics,2021-02-02,2023-02-01,25,525.1,4004.2,exit_large,,,candidate_missing_deal,bankruptcy,Sorrento Therapeutics Chapter 11 in 2023 (recall)
VIVO,Meridian Bioscience Inc. Common Stock,diagnostics,2021-02-02,2023-02-01,25,1488.8,1488.8,exit_large,,,candidate_missing_deal,unresolved,
ALBO,Albireo Pharma Inc. Common Stock,therapeutics,2021-02-02,2023-03-01,26,924.2,926.5,exit_large,,TK-2023-16,,takeout_in_db,
CNCE,Concert Pharmaceuticals Inc. Common Stock,therapeutics,2021-02-02,2023-03-01,26,402.4,402.4,exit_large,,TK-2023-24,,takeout_in_db,
FSTX,F-star Therapeutics Inc. Common Stock,therapeutics,2021-02-02,2023-03-01,26,117.6,166.4,exit_mid,,,,unresolved,
GRAY,Graybug Vision Inc. Common Stock,therapeutics,2021-02-02,2023-03-01,26,11.9,653.7,exit_small,,,,unresolved,
IBER,Ibere Pharmaceuticals Class A Ordinary Shares,therapeutics,2021-05-01,2023-03-01,22,176.1,176.1,exit_mid,,,,unresolved,
ISO,IsoPlexis Corporation Common Stock,medtech,2021-11-02,2023-03-01,17,42.8,527.5,exit_small,,,,unresolved,
KMPH,KemPharm Inc. Common Stock,therapeutics,2021-02-02,2023-03-01,26,200.5,365.5,exit_mid,,,,unresolved,
LHDX,Lucira Health Inc. Common Stock,medtech,2021-03-02,2023-03-01,25,37.8,742.9,exit_small,,,,unresolved,
MTP,Midatech Pharma PLC American Depositary Shs,therapeutics,2021-02-02,2023-03-01,26,3.6,37.8,exit_small,,,,unresolved,
MYOV,Myovant Sciences Ltd. Common Shares,therapeutics,2021-02-02,2023-03-01,26,2621.5,2621.5,exit_large,,TK-2022-16,,takeout_in_db,
OBSV,ObsEva SA Ordinary Shares,therapeutics,2021-02-02,2023-03-01,26,14.0,248.1,exit_small,,,,unresolved,
OPNT,Opiant Pharmaceuticals Inc. Common Stock,therapeutics,2021-02-02,2023-03-01,26,109.4,158.7,exit_mid,,,,unresolved,
RUBY,Rubius Therapeutics Inc. Common Stock,therapeutics,2021-02-02,2023-03-01,26,13.2,2334.1,exit_small,,,,unresolved,
SESN,Sesen Bio Inc. Common Stock,therapeutics,2021-02-02,2023-03-01,26,117.6,800.6,exit_mid,,,,unresolved,
SIOX,Sio Gene Therapies Inc. Common Stock,therapeutics,2021-02-02,2023-03-01,26,30.4,189.9,exit_small,,,,unresolved,
AMYT,Amryt Pharma plc American Depositary Shares,therapeutics,2021-02-02,2023-04-01,27,928.6,932.6,exit_large,,TK-2023-25,,takeout_in_db,
APEN,Apollo Endosurgery Inc. Common Stock,medtech,2021-02-02,2023-04-01,27,471.7,472.2,exit_large,,,candidate_missing_deal,unresolved,
CEMI,Chembio Diagnostics Inc. Common Stock,diagnostics,2021-02-02,2023-04-01,27,16.2,144.3,exit_small,,,,unresolved,
CHRA,Charah Solutions Inc. Common Stock,diagnostics,2021-02-02,2023-04-01,27,7.0,189.9,exit_small,,,,unresolved,
CSII,Cardiovascular Systems Inc. Common Stock,medtech,2021-02-02,2023-04-01,27,833.3,1747.8,exit_large,,,candidate_missing_deal,unresolved,
GLS,Gelesis Holdings Inc. Common Stock,therapeutics,2022-02-01,2023-04-01,15,11.9,387.3,exit_small,,,,unresolved,
LCI,Lannett Co Inc Common Stock,therapeutics,2021-02-02,2023-04-01,27,18.7,309.0,exit_small,,,,unresolved,
NVCN,Neovasc Inc. Common Shares,therapeutics,2021-02-02,2023-04-01,27,80.4,94.9,exit_mid,,,,unresolved,
PLXP,PLx Pharma Inc. Common Stock,therapeutics,2021-02-02,2023-04-01,27,3.8,519.0,exit_small,,,,unresolved,
PRVB,Provention Bio Inc. Common Stock,therapeutics,2021-02-02,2023-04-01,27,2166.7,2166.7,exit_large,,TK-2023-14,,takeout_in_db,
VLON,Vallon Pharmaceuticals Inc. Common Stock,therapeutics,2021-03-02,2023-04-01,26,4.9,50.3,exit_small,,,,unresolved,
ANPC,AnPac Bio-Medical Science Co. Ltd. American Depositary Shares,diagnostics,2021-02-02,2023-05-02,28,73.4,95.1,exit_mid,,,,unresolved,
APTX,Aptinyx Inc. Common Stock,therapeutics,2021-02-02,2023-05-02,28,8.1,235.3,exit_small,,,,unresolved,
ATNX,Athenex Inc. Common Stock,therapeutics,2021-02-02,2023-05-02,28,11.5,1279.7,exit_small,,,,unresolved,
CYAD,Celyad Oncology SA American Depositary Shares,therapeutics,2021-02-02,2023-05-02,28,15.1,113.8,exit_small,,,,unresolved,
IMV,IMV Inc. Common Shares,therapeutics,2021-02-02,2023-05-02,28,9.6,246.2,exit_small,,,,unresolved,
JNCE,Jounce Therapeutics Inc. Common Stock,therapeutics,2021-02-02,2023-05-02,28,100.5,525.2,exit_mid,,,,unresolved,
PKI,PerkinElmer Inc. Common Stock,diagnostics,2021-02-02,2023-05-02,28,16466.4,25373.8,exit_large,,,candidate_missing_deal,unresolved,
VYNT,Vyant Bio Inc. Common Stock,therapeutics,2021-04-01,2023-05-02,26,1.9,116.2,exit_small,,,,unresolved,
ANGN,Angion Biomedica Corp. Common Stock,therapeutics,2021-03-02,2023-06-01,28,29.5,618.2,exit_small,,,,unresolved,
BLCM,Bellicum Pharmaceuticals Inc. Common Stock,therapeutics,2021-02-02,2023-06-01,29,6.5,30.7,exit_small,,,,unresolved,
BLU,BELLUS Health Inc. Common Shares,therapeutics,2021-02-02,2023-06-01,29,1849.1,1849.1,exit_large,,TK-2023-12,,takeout_in_db,
CTIC,CTI BioPharma Corp. (DE) Common Stock,therapeutics,2021-02-02,2023-06-01,29,1193.5,1193.5,exit_large,,TK-2023-22,,takeout_in_db,
ERYP,Erytech Pharma S.A. American Depositary Shares,therapeutics,2021-02-02,2023-06-01,29,29.2,203.2,exit_small,,,,unresolved,
HSKA,Heska Corporation Common Stock,medtech,2021-02-02,2023-06-01,29,1306.7,2824.2,exit_large,,,candidate_missing_deal,unresolved,
HTGM,HTG Molecular Diagnostics Inc. Common Stock,tools,2021-02-02,2023-06-01,29,4.8,50.4,exit_small,,,,unresolved,
ONCS,OncoSec Medical Incorporated Common Stock,diagnostics,2021-02-02,2023-06-01,29,1.4,272.8,exit_small,,,,unresolved,
RXDX,Prometheus Biosciences Inc. Common Stock,therapeutics,2021-04-01,2023-06-01,27,9492.2,9492.2,exit_large,,TK-2023-13,,takeout_in_db,
STSA,Satsuma Pharmaceuticals Inc. Common Stock,therapeutics,2021-02-02,2023-06-01,29,34.8,222.3,exit_small,,,,unresolved,
TCRR,TCR2 Therapeutics Inc. Common Stock,therapeutics,2021-02-02,2023-06-01,29,58.1,1080.7,exit_mid,,,,unresolved,
ARDS,Aridis Pharmaceuticals Inc. Common Stock,therapeutics,2021-02-02,2023-07-01,30,7.9,83.1,exit_small,,,,unresolved,
DNAD,Social Capital Suvretta Holdings Corp. IV Class A Ordinary Shares,therapeutics,2021-07-01,2023-07-01,25,325.9,325.9,exit_large,,,candidate_missing_deal,spac,Social Capital Suvretta Holdings blank-check company mislabelled under pharmaceuticals
FTREV,Fortrea Holdings Inc. Common Stock When Issued,diagnostics,2023-07-01,2023-07-01,1,0.0,0.0,ticker_change,FTRE,,,ticker_change,successor FTRE
GRNA,GreenLight Biosciences Holdings PBC Common Stock,therapeutics,2022-03-01,2023-07-01,17,45.2,1182.8,exit_small,,,,unresolved,
HGEN,Humanigen Inc. Common Stock,therapeutics,2021-02-02,2023-07-01,30,18.1,1129.7,exit_small,,,,unresolved,
ISEE,IVERIC bio Inc. Common Stock,therapeutics,2021-02-02,2023-07-01,30,5420.4,5420.4,exit_large,,TK-2023-11,,takeout_in_db,
NMTR,9 Meters Biopharma Inc. Common Stock,therapeutics,2021-02-02,2023-07-01,30,9.7,353.9,exit_small,,,,unresolved,
NOVN,Novan Inc. Common Stock,therapeutics,2021-02-02,2023-07-01,30,12.0,244.3,exit_small,,,,unresolved,
NYMX,Nymox Pharmaceutical Corporation Common Stock (Bahamas),therapeutics,2021-02-02,2023-07-01,30,17.2,202.3,exit_small,,,,unresolved,
SRGA,Surgalign Holdings Inc. Common Stock,medtech,2021-02-02,2023-07-01,30,1.7,276.3,exit_small,,,,unresolved,
VECT,VectivBio Holding AG Ordinary Shares,therapeutics,2021-05-01,2023-07-01,27,1058.4,1115.3,exit_large,,TK-2023-21,,takeout_in_db,
VRAY,ViewRay Inc. Common Stock,medtech,2021-02-02,2023-07-01,30,64.6,1224.2,exit_mid,,,,unresolved,
ACGN,Aceragen Inc. Common Stock,therapeutics,2023-02-01,2023-08-01,7,6.8,39.7,exit_small,,,,unresolved,
APGN,Apexigen Inc. Common Stock,therapeutics,2022-08-02,2023-08-01,13,10.6,57.9,exit_small,,,,unresolved,
DFFN,Diffusion Pharmaceuticals Inc. Common Stock,therapeutics,2021-02-02,2023-08-01,31,6.3,112.9,exit_small,,,,unresolved,
DICE,DICE Therapeutics Inc. Common Stock,therapeutics,2021-10-01,2023-08-01,23,2243.3,2243.3,exit_large,,TK-2023-09,,takeout_in_db,
ENOB,Enochian Biosciences Inc. Common Stock,therapeutics,2021-02-02,2023-08-01,31,37.9,655.4,exit_small,,,,unresolved,
GMVD,G Medical Innovations Holdings Ltd. Ordinary Shares,medtech,2021-02-02,2023-08-01,27,1.7,3088.1,exit_small,,,,unresolved,
KDNY,Chinook Therapeutics Inc. Common Stock,therapeutics,2021-02-02,2023-08-01,31,2620.7,2620.7,exit_large,,TK-2023-10,,takeout_in_db,
MNK,Mallinckrodt plc Ordinary Shares,therapeutics,2022-11-01,2023-08-01,10,21.3,199.7,exit_small,,,,unresolved,
NBRV,Nabriva Therapeutics plc Ordinary Shares Ireland,therapeutics,2021-02-02,2023-08-01,31,4.5,66.7,exit_small,,,,unresolved,
REUN,Reunion Neuroscience Inc. Common Shares,therapeutics,2022-09-01,2023-08-01,12,13.1,18.5,exit_small,,,,unresolved,
RMED,Ra Medical Systems Inc. Common Stock,medtech,2021-02-02,2023-08-01,31,3.4,24.3,exit_small,,,,unresolved,
SGTX,Sigilon Therapeutics Inc. Common Stock,therapeutics,2021-02-02,2023-08-01,31,52.3,941.3,exit_mid,,,,unresolved,
SPPI,Spectrum Pharmaceuticals Inc.Common Stock,therapeutics,2021-02-02,2023-08-01,31,211.4,605.7,exit_mid,,,,unresolved,
ADMP,Adamis Pharmaceuticals Corporation Common Stock,therapeutics,2021-02-02,2023-09-01,32,7.6,419.3,exit_small,,,,unresolved,
AZYO,Aziyo Biologics Inc. Class A Common Stock,diagnostics,2021-02-02,2023-09-01,32,24.4,161.5,exit_small,,,,unresolved,
BVXV,BiondVax Pharmaceuticals Ltd. American Depositary Shares,therapeutics,2021-02-02,2023-09-01,32,4.4,2325.1,exit_small,,,,unresolved,
CFMS,Conformis Inc. Common Stock,medtech,2021-02-02,2023-09-01,32,17.8,310.6,exit_small,,,,unresolved,
DBTX,Decibel Therapeutics Inc. Common Stock,therapeutics,2021-03-02,2023-09-01,31,127.1,441.1,exit_mid,,,,unresolved,
HILS,Hillstream BioPharma Inc. Common Stock,therapeutics,2022-02-01,2023-09-01,20,4.2,45.2,exit_small,,,,unresolved,
INFI,Infinity Pharmaceuticals Inc. Common Stock,therapeutics,2021-02-02,2023-09-01,32,8.3,314.1,exit_small,,,,unresolved,
JUPW,Jupiter Wellness Inc. Common Stock,therapeutics,2021-02-02,2023-09-01,32,30.2,54.8,exit_small,,,,unresolved,
KRBP,Kiromic BioPharma Inc. Common Stock,therapeutics,2021-02-02,2023-09-01,32,2.2,80.1,exit_small,,,,unresolved,
LMNL,Liminal BioSciences Inc. Common Shares,therapeutics,2021-02-02,2023-09-01,32,27.3,150.6,exit_small,,,,unresolved,
MGTA,Magenta Therapeutics Inc. Common Stock,therapeutics,2021-02-02,2023-09-01,32,45.5,627.6,exit_small,,,,unresolved,
NUVA,NuVasive Inc. Common Stock,medtech,2021-02-02,2023-09-01,32,2084.9,3671.0,exit_large,,,candidate_missing_deal,unresolved,
PRTK,Paratek Pharmaceuticals Inc. Common Stock,therapeutics,2021-02-02,2023-09-01,32,126.7,461.3,exit_mid,,,,unresolved,
RETA,Reata Pharmaceuticals Inc. Class A Common Stock,therapeutics,2021-02-02,2023-09-01,32,6447.4,6447.4,exit_large,,TK-2023-08,,takeout_in_db,
SURF,Surface Oncology Inc. Common Stock,therapeutics,2021-02-02,2023-09-01,32,65.1,437.8,exit_mid,,,,unresolved,
AKU,Akumin Inc. Common Stock (DE),diagnostics,2021-02-02,2023-10-03,33,13.8,260.4,exit_small,,,,unresolved,
ATHX,Athersys Inc. Common Stock,therapeutics,2021-02-02,2023-10-03,33,9.5,725.8,exit_small,,,,unresolved,
BIOC,Biocept Inc. Common Stock,services,2021-02-02,2023-10-03,33,2.9,86.5,exit_small,,,,unresolved,
BLPH,Bellerophon Therapeutics Inc. Common Stock,therapeutics,2021-02-02,2023-10-03,33,4.8,81.8,exit_small,,,,unresolved,
CBIO,Catalyst Biosciences Inc. Common Stock,therapeutics,2021-02-02,2023-10-03,33,18.6,191.8,exit_small,,,,unresolved,
HZNP,Horizon Therapeutics Public Limited Company Ordinary Shares,therapeutics,2021-02-02,2023-10-03,33,26547.3,26720.9,exit_large,,TK-2022-12,,takeout_in_db,
NAVB,Navidea Biopharmaceuticals Inc. Common Stock,therapeutics,2021-02-02,2023-10-03,33,9.1,68.3,exit_small,,,,unresolved,
RVLP,RVL Pharmaceuticals plc Ordinary Shares,therapeutics,2022-02-01,2023-10-03,21,12.7,208.2,exit_small,,,,unresolved,
SDC,SmileDirectClub Inc. Class A Common Stock,medtech,2021-02-02,2023-10-03,33,64.9,5431.9,exit_mid,,,,unresolved,
TALS,Talaris Therapeutics Inc. Common Stock,therapeutics,2021-06-02,2023-10-03,29,110.8,702.9,exit_mid,,,,unresolved,
VBLT,Vascular Biogenics Ltd. Ordinary Shares,therapeutics,2021-02-02,2023-10-03,33,19.0,160.8,exit_small,,,,unresolved,
ZYNE,Zynerba Pharmaceuticals Inc. Common Stock,therapeutics,2021-02-02,2023-10-03,33,68.5,218.2,exit_mid,,,,unresolved,
ACER,Acer Therapeutics Inc. Common Stock (DE),therapeutics,2021-02-02,2023-11-01,34,20.6,51.1,exit_small,,,,unresolved,
AGLE,Aeglea BioTherapeutics Inc. Common Stock,therapeutics,2021-02-02,2023-11-01,34,47.1,390.1,exit_small,,,,unresolved,
AXLA,Axcella Health Inc. Common Stock,therapeutics,2021-02-02,2023-11-01,34,16.1,207.4,exit_small,,,,unresolved,
BXRX,Baudax Bio Inc. Common Stock,therapeutics,2021-02-02,2023-11-01,34,1.3,100.3,exit_small,,,,unresolved,
CFRX,ContraFect Corporation Common Stock,therapeutics,2021-02-02,2023-11-01,34,3.2,188.7,exit_small,,,,unresolved,
CMRA,Comera Life Sciences Holdings Inc. Common Stock,therapeutics,2022-06-01,2023-11-01,18,8.0,74.2,exit_small,,,,unresolved,
CWBR,CohBar Inc. Common Stock,diagnostics,2021-02-02,2023-11-01,34,5.2,100.8,exit_small,,,,unresolved,
EQRX,EQRx Inc.  Common Stock,therapeutics,2022-01-01,2023-11-01,23,1062.6,3325.7,exit_large,,TK-2023-20,,takeout_in_db,
FREQ,Frequency Therapeutics Inc. Common Stock,therapeutics,2021-02-02,2023-11-01,34,8.8,1619.3,exit_small,,,,unresolved,
ICPT,Intercept Pharmaceuticals Inc. Common Stock,therapeutics,2021-02-02,2023-11-01,34,790.9,1217.4,exit_large,,TK-2023-19,,takeout_in_db,
MDNA,Medicenna Therapeutics Corp. Common Shares,therapeutics,2021-02-02,2023-11-01,34,12.6,199.1,exit_small,,,,unresolved,
SELB,Selecta Biosciences Inc. Common Stock,therapeutics,2021-02-02,2023-11-01,34,191.8,508.5,exit_mid,,,,unresolved,
SONX,Sonendo Inc. Common Stock,medtech,2021-11-02,2023-11-01,25,13.4,257.5,exit_small,,,,unresolved,
SQL,SeqLL Inc. Common stock,diagnostics,2021-09-01,2023-11-01,27,3.8,309.7,exit_small,,,,unresolved,
TMBR,Timber Pharmaceuticals Inc. Common Stock,therapeutics,2021-02-02,2023-11-01,34,8.0,74.8,exit_small,,,,unresolved,
VACC,Vaccitech plc American Depositary Shares,therapeutics,2021-05-01,2023-11-01,31,161.8,576.0,exit_mid,,,,unresolved,
ZIVO,Zivo Bioscience Inc. Common Stock,therapeutics,2021-06-02,2023-11-01,30,4.7,43.0,exit_small,,,,unresolved,
ABCM,Abcam plc American Depositary Shares,tools,2021-02-02,2023-12-01,35,5496.6,5610.3,exit_large,,,candidate_missing_deal,unresolved,
BWV,Blue Water Biotech Inc. Common Stock,therapeutics,2022-03-01,2023-12-01,22,4.5,624.2,exit_small,,,,unresolved,
FRTX,Fresh Tracks Therapeutics Inc. Common Stock,therapeutics,2022-10-01,2023-12-01,15,5.0,7.1,exit_small,,,,unresolved,
IMPL,Impel Pharmaceuticals Inc. Common Stock,therapeutics,2021-05-01,2023-12-01,32,10.0,370.5,exit_small,,,,unresolved,
MIRO,Miromatrix Medical Inc. Common Stock,therapeutics,2021-07-01,2023-12-01,30,93.2,212.3,exit_mid,,,,unresolved,
NLTX,Neoleukin Therapeutics Inc. Common Stock,therapeutics,2021-02-02,2023-12-01,35,32.5,548.5,exit_small,,,,unresolved,
PNT,POINT Biopharma Global Inc. Common Stock,therapeutics,2021-08-03,2023-12-01,29,1449.3,1449.3,exit_large,,TK-2023-07,,takeout_in_db,
SGEN,Seagen Inc. Common Stock,therapeutics,2021-02-02,2023-12-01,35,40224.8,40224.8,exit_large,,TK-2023-23,,takeout_in_db,
VAPO,Vapotherm Inc. Common Stock,medtech,2021-02-02,2023-12-01,35,16.5,885.3,exit_small,,,,unresolved,
ACRX,AcelRx Pharmaceuticals Inc. Common Stock,therapeutics,2021-02-02,2024-01-03,36,12.6,242.4,exit_small,,,,unresolved,
LMDX,LumiraDx Limited Common Shares,diagnostics,2021-10-01,2024-01-03,28,8.1,2398.1,exit_small,,,,unresolved,
MRTX,Mirati Therapeutics Inc. Common Stock,therapeutics,2021-02-02,2024-01-03,36,4146.1,10243.3,exit_large,,TK-2023-06,,takeout_in_db,
NMRD,Nemaura Medical Inc. Common Stock,diagnostics,2021-02-02,2024-01-03,36,5.4,382.3,exit_small,,,,unresolved,
ORTX,Orchard Therapeutics plc American Depositary Shares,therapeutics,2021-02-02,2024-01-03,36,373.7,1124.8,exit_large,,TK-2023-18,,takeout_in_db,
SLGC,SomaLogic Inc. Class A Common Stock,tools,2021-10-01,2024-01-03,28,460.8,2277.2,exit_large,,,candidate_missing_deal,unresolved,
ARAV,Aravive Inc.,therapeutics,2021-02-02,2024-02-01,37,2.9,132.7,exit_small,,,,unresolved,
DMK,DMK Pharmaceuticals Corporation Common Stock,therapeutics,2023-10-03,2024-02-01,5,5.5,6.8,exit_small,,,,unresolved,
EAR,Eargo Inc. Common Stock,diagnostics,2021-02-02,2024-02-01,37,54.4,2192.0,exit_mid,,,,unresolved,
FRLN,Freeline Therapeutics Holdings plc American Depositary Shares,therapeutics,2021-02-02,2024-02-01,37,28.0,607.0,exit_small,,,,unresolved,
GRCL,Gracell Biotechnologies Inc. American Depositary Shares,therapeutics,2021-02-02,2024-02-01,37,691.9,1637.1,exit_large,,TK-2023-17,,takeout_in_db,
ICVX,Icosavax Inc. Common Stock,therapeutics,2021-08-03,2024-02-01,31,766.9,1483.5,exit_large,,TK-2023-04,,takeout_in_db,
IMGN,ImmunoGen Inc. Common Stock,therapeutics,2021-02-02,2024-02-01,37,7806.9,7897.4,exit_large,,TK-2023-05,,takeout_in_db,
MDVL,MedAvail Holdings Inc. Common Stock,therapeutics,2021-02-02,2024-02-01,37,5.2,485.5,exit_small,,,,unresolved,
NHWK,NightHawk Biosciences Inc. Common Stock,therapeutics,2022-06-01,2024-02-01,21,9.8,65.4,exit_small,,,,unresolved,
NSTG,NanoString Technologies Inc. Common Stock,therapeutics,2021-02-02,2024-02-01,37,19.8,3551.9,exit_small,,,,unresolved,
NVIV,InVivo Therapeutics Holdings Corp Common Stock,therapeutics,2021-02-02,2024-02-01,37,2.0,34.0,exit_small,,,,unresolved,
NVTA,Invitae Corporation Common Stock,diagnostics,2021-02-02,2024-02-01,37,111.7,9825.2,exit_mid,,,,unresolved,
RAIN,Rain Oncology Inc.,therapeutics,2021-05-01,2024-02-01,34,44.0,526.5,exit_small,,,,unresolved,
RWLK,ReWalk Robotics Ltd.,medtech,2021-02-02,2024-02-01,37,63.0,107.4,exit_mid,,,,unresolved,
RYZB,RayzeBio Inc. Common Stock,therapeutics,2023-10-03,2024-02-01,5,3715.2,3715.2,exit_large,,TK-2023-02,,takeout_in_db,
SIEN,Sientra Inc. Common Stock,medtech,2021-02-02,2024-02-01,37,7.8,459.6,exit_small,,,,unresolved,
THRX,Theseus Pharmaceuticals Inc. Common Stock,therapeutics,2021-11-02,2024-02-01,28,179.6,663.0,exit_mid,,,,unresolved,
AGE,AgeX Therapeutics Inc. Common Stock,therapeutics,2021-02-02,2024-03-01,38,14.5,82.2,exit_small,,,,unresolved,
AGRX,Agile Therapeutics Inc. Common Stock,therapeutics,2021-02-02,2024-03-01,38,2.0,264.6,exit_small,,,,unresolved,
AMAM,Ambrx Biopharma Inc. Common Stock,therapeutics,2021-07-01,2024-03-01,33,1747.4,6129.1,exit_large,,TK-2024-07,,takeout_in_db,
BCEL,Atreca Inc. Class A Common Stock,therapeutics,2021-02-02,2024-03-01,38,10.3,673.6,exit_small,,,,unresolved,
BTTX,Better Therapeutics Inc. Common Stock,therapeutics,2021-11-02,2024-03-01,29,7.5,167.3,exit_small,,,,unresolved,
CBAY,CymaBay Therapeutics Inc. Common Stock,therapeutics,2021-02-02,2024-03-01,38,3650.5,3650.5,exit_large,,TK-2024-06,,takeout_in_db,
CYT,Cyteir Therapeutics Inc. Common Stock,therapeutics,2021-07-01,2024-03-01,33,112.0,737.6,exit_mid,,,,unresolved,
FIXX,Homology Medicines Inc. Common Stock,therapeutics,2021-02-02,2024-03-01,38,53.3,563.5,exit_mid,,,,unresolved,
GIA,GigCapital 5 Inc. Common Stock,medtech,2021-12-01,2024-03-01,27,96.2,299.4,exit_mid,,,,unresolved,
GTH,Genetron Holdings Limited ADS,diagnostics,2021-02-02,2024-03-01,38,119.6,2370.8,exit_mid,,,,unresolved,
HARP,Harpoon Therapeutics Inc. Common Stock,therapeutics,2021-02-02,2024-03-01,38,388.4,733.8,exit_large,,TK-2024-08,,takeout_in_db,
KRTX,Karuna Therapeutics Inc. Common Stock,therapeutics,2021-02-02,2024-03-01,38,11977.2,11977.2,exit_large,,TK-2023-01,,takeout_in_db,
LIAN,LianBio American Depositary Shares,therapeutics,2021-11-02,2024-03-01,29,523.0,1442.0,exit_large,,,candidate_missing_deal,wind_down,LianBio wound down and distributed cash in 2024 (recall)
NEPT,Neptune Wellness Solutions Inc. Ordinary Shares,therapeutics,2021-02-02,2024-03-01,38,2.0,263.1,exit_small,,,,unresolved,
PBLA,Panbela Therapeutics Inc. Common Stock,therapeutics,2021-02-02,2024-03-01,38,0.6,53.6,exit_small,,,,unresolved,
PHXM,PHAXIAM Therapeutics S.A.. American Depositary Shares,therapeutics,2023-07-01,2024-03-01,9,16.6,30.8,exit_small,,,,unresolved,
ACOR,Acorda Therapeutics Inc. Common Stock,therapeutics,2021-02-02,2024-04-02,39,16.7,316.6,exit_small,,,,unresolved,
AMPE,Ampio Pharmaceuticals Inc.,therapeutics,2021-02-02,2024-04-02,38,0.9,361.9,exit_small,,,,unresolved,
BPTS,Biophytis SA American Depositary Share (0.01 Euro),therapeutics,2021-03-02,2024-04-02,38,1.9,573.3,exit_small,,,,unresolved,
EIGR,Eiger BioPharmaceuticals Inc. Common Stock,therapeutics,2021-02-02,2024-04-02,39,2.1,363.4,exit_small,,,,unresolved,
GMDA,Gamida Cell Ltd. Ordinary Shares,therapeutics,2021-02-02,2024-04-02,39,5.7,581.9,exit_small,,,,unresolved,
KNTE,Kinnate Biopharma Inc. Common Stock,therapeutics,2021-02-02,2024-04-02,39,125.3,1486.1,exit_mid,,,,unresolved,
MDGS,Medigus Ltd. American Depositary Shares,medtech,2021-02-02,2024-04-02,39,4.5,107.5,exit_small,,,,unresolved,
MOTS,Motus GI Holdings Inc. Common Stock,medtech,2021-02-02,2024-04-02,39,2.2,221.9,exit_small,,,,unresolved,
NGM,NGM Biopharmaceuticals Inc. Common Stock,therapeutics,2021-02-02,2024-04-02,39,130.2,2229.4,exit_mid,,,,unresolved,
ONTX,Onconova Therapeutics Inc. Common Stock,therapeutics,2021-02-02,2024-04-02,39,21.0,305.2,exit_small,,,,unresolved,
OSA,ProSomnus Inc. Common Stock,diagnostics,2023-01-04,2024-04-02,16,10.0,94.0,exit_small,,,,unresolved,
PETV,PetVivo Holdings Inc. Common Stock,medtech,2021-09-01,2024-04-02,32,16.8,36.7,exit_small,,,,unresolved,
SCTL,Societal CDMO Inc. Common Stock,therapeutics,2022-04-01,2024-04-02,25,116.3,124.3,exit_mid,,,,unresolved,
AFIB,Acutus Medical Inc. Common Stock,medtech,2021-02-02,2024-05-01,40,4.5,701.4,exit_small,,,,unresolved,
AIH,Aesthetic Medical International Holdings Group Ltd. American Depositary Shares,diagnostics,2021-02-02,2024-05-01,40,21.5,253.7,exit_small,,,,unresolved,
ALPN,Alpine Immune Sciences Inc. Common Stock,therapeutics,2021-02-02,2024-05-01,40,4233.6,4233.6,exit_large,,TK-2024-04,,takeout_in_db,
CLVR,Clever Leaves Holdings Inc. Common Shares,therapeutics,2021-02-02,2024-05-01,40,2.7,342.8,exit_small,,,,unresolved,
FNCH,Finch Therapeutics Group Inc. Common Stock,therapeutics,2021-04-01,2024-05-01,38,3.6,789.1,exit_small,,,,unresolved,
FWBI,First Wave BioPharma Inc. Common Stock,therapeutics,2021-10-01,2024-05-01,32,5.3,66.4,exit_small,,,,unresolved,
LABP,Landos Biopharma Inc. Common Stock,therapeutics,2021-03-02,2024-05-01,39,69.5,636.8,exit_mid,,,,unresolved,
MACK,Merrimack Pharmaceuticals Inc. Common Stock,therapeutics,2021-02-02,2024-05-01,40,214.0,214.0,exit_mid,,,,unresolved,
NBSE,NeuBase Therapeutics Inc.  Common Stock,therapeutics,2021-02-02,2024-05-01,40,1.5,230.2,exit_small,,,,unresolved,
VAXX,Vaxxinity Inc. Class A Common Stock,therapeutics,2021-12-01,2024-05-01,30,15.6,1558.6,exit_small,,,,unresolved,
YTEN,Yield10 Bioscience Inc. Common Stock,therapeutics,2021-02-02,2024-05-01,40,3.6,73.8,exit_small,,,,unresolved,
AVRO,AVROBIO Inc. Common Stock,therapeutics,2021-02-02,2024-06-01,41,66.4,603.1,exit_mid,,,,unresolved,
BIOL,Biolase Inc. Common Stock,medtech,2021-02-02,2024-06-01,41,5.7,147.4,exit_small,,,,unresolved,
DCPH,Deciphera Pharmaceuticals Inc. Common Stock,therapeutics,2021-02-02,2024-06-01,41,2208.6,2672.1,exit_large,,TK-2024-03,,takeout_in_db,
DMTK,DermTech Inc. Common Stock,diagnostics,2021-02-02,2024-06-01,41,11.0,1766.4,exit_small,,,,unresolved,
FUSN,Fusion Pharmaceuticals Inc. Common Shares,therapeutics,2021-02-02,2024-06-01,41,1822.6,1822.6,exit_large,,TK-2024-05,,takeout_in_db,
GRTX,Galera Therapeutics Inc. Common Stock,therapeutics,2021-02-02,2024-06-01,41,11.7,284.9,exit_small,,,,unresolved,
LIFE,aTyr Pharma Inc. Common Stock,therapeutics,2021-02-02,2024-06-01,41,119.4,242.1,ticker_change,ATYR,,,ticker_change,successor ATYR
LSDI,Lucy Scientific Discovery Inc. Common Stock,therapeutics,2023-03-01,2024-06-01,16,1.5,33.7,exit_small,,,,unresolved,
SWAV,Shockwave Medical Inc. Common Stock,medtech,2021-02-02,2024-06-01,41,12567.7,12567.7,exit_large,,,candidate_missing_deal,unresolved,
TARO,Taro Pharmaceutical Industries Ltd. Ordinary Shares,therapeutics,2021-02-02,2024-06-01,41,1609.2,2903.4,exit_large,,TK-2024-14,,takeout_in_db,
TCON,TRACON Pharmaceuticals Inc. Common Stock,therapeutics,2021-02-02,2024-06-01,41,3.4,141.2,exit_small,,,,unresolved,
THMO,ThermoGenesis Holdings Inc. Common Stock,diagnostics,2021-02-02,2024-06-01,41,4.4,33.5,exit_small,,,,unresolved,
ASLN,ASLAN Pharmaceuticals Limited American Depositary Shares,therapeutics,2021-02-02,2024-07-02,42,7.0,229.4,exit_small,,,,unresolved,
DYNT,Dynatronics Corporation Common Stock,medtech,2021-02-02,2024-07-02,42,1.2,25.8,exit_small,,,,unresolved,
EFTR,eFFECTOR Therapeutics Inc. Common Stock,therapeutics,2021-09-01,2024-07-02,35,1.3,571.4,exit_small,,,,unresolved,
IONM,Assure Holdings Corp. Common Stock,medtech,2021-10-01,2024-07-02,34,2.5,89.2,exit_small,,,,unresolved,
MYMD,MyMD Pharmaceuticals Inc. Common Stock (DE),therapeutics,2021-05-01,2024-07-02,39,4.2,362.1,exit_small,,,,unresolved,
NEXI,NexImmune Inc. Common Stock,therapeutics,2021-03-02,2024-07-02,41,3.5,548.6,exit_small,,,,unresolved,
OLK,Olink Holding AB (publ) American Depositary Shares,tools,2021-04-01,2024-07-02,40,3177.0,4403.3,exit_large,,,candidate_missing_deal,unresolved,
ABIO,ARCA biopharma Inc. Common Stock,therapeutics,2021-02-02,2024-08-01,43,43.5,55.1,exit_small,,,,unresolved,
AEZS,Aeterna Zentaris Inc. Common Stock,therapeutics,2021-02-02,2024-08-01,43,10.4,128.4,exit_small,,,,unresolved,
ASXC,Asensus Surgical Inc. Common Stock,medtech,2021-04-01,2024-08-01,41,90.8,755.9,exit_mid,,,,unresolved,
ATRI,Atrion Corporation Common Stock,medtech,2021-02-02,2024-08-01,43,806.6,1334.2,exit_large,,,candidate_missing_deal,unresolved,
BTCY,Biotricity Inc. Common Stock,medtech,2021-09-01,2024-08-01,36,14.8,215.3,exit_small,,,,unresolved,
CERE,Cerevel Therapeutics Holdings Inc. Common Stock,therapeutics,2021-02-02,2024-08-01,43,8191.5,8191.5,exit_large,,TK-2023-03,,takeout_in_db,
CNTG,Centogene N.V. Common Shares,diagnostics,2021-02-02,2024-08-01,43,9.0,279.6,exit_small,,,,unresolved,
HUGE,FSD Pharma Inc. Class B Subordinate Voting Shares,therapeutics,2021-02-02,2024-08-01,43,4.0,67.6,exit_small,,,,unresolved,
MOR,MorphoSys AG American Depositary Shares,therapeutics,2021-02-02,2024-08-01,43,2801.5,3801.7,exit_large,,TK-2024-16,,takeout_in_db,
MORF,Morphic Holding Inc. Common Stock,therapeutics,2021-02-02,2024-08-01,43,2845.7,2845.7,exit_large,,TK-2024-02,,takeout_in_db,
NUVO,Holdco Nuvo Group D.G Ltd. Ordinary Shares,medtech,2024-06-01,2024-08-01,3,25.2,43.6,exit_small,,,,unresolved,
OPGN,OpGen Inc. Common Stock,diagnostics,2021-02-02,2024-08-01,43,4.0,122.5,exit_small,,,,unresolved,
QLI,Qilian International Holding Group Ltd. Ordinary Shares,therapeutics,2021-02-02,2024-08-01,43,44.2,256.2,exit_small,,,,unresolved,
TLIS,Talis Biomedical Corporation Common Stock,medtech,2021-03-02,2024-08-01,42,15.8,685.5,exit_small,,,,unresolved,
VBIV,VBI Vaccines Inc. New Common Stock (Canada),therapeutics,2021-02-02,2024-08-01,43,3.7,958.5,exit_small,,,,unresolved,
ALIM,Alimera Sciences Inc. Common Stock,therapeutics,2021-02-02,2024-09-04,44,300.2,300.2,exit_large,,TK-2024-13,,takeout_in_db,
BGXX,Bright Green Corporation Common Stock,therapeutics,2022-06-01,2024-09-04,28,38.4,804.5,exit_small,,,,unresolved,
CALT,Calliditas Therapeutics AB American Depositary Shares,therapeutics,2021-02-02,2024-09-04,44,1115.0,1115.0,exit_large,,TK-2024-17,,takeout_in_db,
GTHX,G1 Therapeutics Inc. Common Stock,therapeutics,2021-02-02,2024-09-04,44,374.1,1031.0,exit_large,,TK-2024-12,,takeout_in_db,
KA,Kineta Inc. Common Stock,therapeutics,2023-01-04,2024-09-04,21,7.8,73.0,exit_small,,,,unresolved,
SILK,Silk Road Medical Inc. Common Stock,medtech,2021-02-02,2024-09-04,44,1103.6,2132.0,exit_large,,,candidate_missing_deal,unresolved,
TBIO,Telesis Bio Inc. Common Stock,diagnostics,2023-02-01,2024-09-04,20,6.1,91.5,exit_small,,,,unresolved,
WENA,ANEW MEDICAL INC. Common Stock,therapeutics,2024-07-02,2024-09-04,3,15.0,27.2,exit_small,,,,unresolved,
ACST,Acasti Pharma Inc. Class A Common Stock,therapeutics,2021-02-02,2024-10-01,45,30.4,115.1,exit_small,,,,unresolved,
EGRX,Eagle Pharmaceuticals Inc. Common Stock,therapeutics,2021-02-02,2024-10-01,45,48.4,730.6,exit_small,,,,unresolved,
ELYM,Eliem Therapeutics Inc Common Stock,therapeutics,2021-09-01,2024-10-01,38,341.3,676.1,exit_large,,,candidate_missing_deal,rename,Eliem Therapeutics renamed Climb Bio (CLYM) in 2024 (recall)
GENE,Genetic Technologies Ltd ADS,therapeutics,2021-02-02,2024-10-01,45,3.0,8844.3,exit_small,,,,unresolved,
GHSI,Guardion Health Sciences Inc. Common Stock,therapeutics,2021-02-02,2024-10-01,45,7.1,69.7,exit_small,,,,unresolved,
GRTS,Gritstone bio Inc. Common Stock,therapeutics,2021-02-02,2024-10-01,45,68.5,897.4,exit_mid,,,,unresolved,
INVO,INVO BioScience Inc. Common Stock,medtech,2021-02-02,2024-10-01,45,2.8,48.6,exit_small,,,,unresolved,
KTRA,Kintara Therapeutics Inc. Common Stock,therapeutics,2021-02-02,2024-10-01,45,10.8,74.0,exit_small,,,,unresolved,
NTBL,Notable Labs Ltd. Ordinary Shares,therapeutics,2023-11-01,2024-10-01,12,4.2,34.1,exit_small,,,,unresolved,
OCUP,Ocuphire Pharma Inc. Common Stock,therapeutics,2021-02-02,2024-10-01,45,34.3,131.0,exit_small,,,,unresolved,
ORGS,Orgenesis Inc. Common Stock,therapeutics,2021-02-02,2024-10-01,45,21.3,155.8,exit_small,,,,unresolved,
RNLX,Renalytix plc American Depositary Shares,diagnostics,2021-02-02,2024-10-01,45,17.3,1233.8,exit_small,,,,unresolved,
RPHM,Reneo Pharmaceuticals Inc. Common Stock,therapeutics,2021-05-01,2024-10-01,42,56.8,348.6,exit_mid,,,,unresolved,
SEEL,Seelos Therapeutics Inc. Common Stock,therapeutics,2021-02-02,2024-10-01,45,1.6,476.7,exit_small,,,,unresolved,
TRVN,Trevena Inc. Common Stock,therapeutics,2021-02-02,2024-10-01,45,3.2,376.9,exit_small,,,,unresolved,
VIRI,Virios Therapeutics Inc. Common Stock,therapeutics,2021-02-02,2024-10-01,45,4.7,58.9,exit_small,,,,unresolved,
AXNX,Axonics Inc. Common Stock,medtech,2021-02-02,2024-11-01,46,3593.6,3593.6,exit_large,,,candidate_missing_deal,unresolved,
EXAI,Exscientia Plc American Depositary Shares,therapeutics,2021-11-02,2024-11-01,37,610.9,2624.5,exit_large,,TK-2024-09,,takeout_in_db,
NRBO,NeuroBo Pharmaceuticals Inc. Common Stock,therapeutics,2021-02-02,2024-11-01,46,21.7,118.6,exit_small,,,,unresolved,
PXDT,Pixie Dust Technologies Inc. American Depositary Shares,medtech,2023-09-01,2024-11-01,15,11.8,132.0,exit_small,,,,unresolved,
BIOR,Biora Therapeutics Inc. Common Stock,therapeutics,2022-06-01,2024-12-03,31,9.0,154.8,exit_small,,,,unresolved,
BNOX,Bionomics Limited American Depository Shares,therapeutics,2022-01-01,2024-12-03,36,5.9,16434.9,exit_small,,,,unresolved,
CTLT,Catalent Inc. Common Stock,services,2021-02-02,2024-12-03,47,11150.3,23761.5,exit_large,,,candidate_missing_deal,unresolved,
CYTO,Altamira Therapeutics Ltd. Common Shares,therapeutics,2021-08-03,2024-12-03,41,1.4,26.9,exit_small,,,,unresolved,
FRES,Fresh2 Group Limited American Depositary Shares,diagnostics,2023-06-01,2024-12-03,19,3.5,47.4,exit_small,,,,unresolved,
LBPH,Longboard Pharmaceuticals Inc. Common Stock,therapeutics,2021-04-01,2024-12-03,45,2342.0,2342.0,exit_large,,TK-2024-01,,takeout_in_db,
LUMO,Lumos Pharma Inc. Common Stock,therapeutics,2021-02-02,2024-12-03,47,37.9,144.0,exit_small,,,,unresolved,
MTEM,Molecular Templates Inc. Common Stock,therapeutics,2021-02-02,2024-12-03,47,2.4,707.4,exit_small,,,,unresolved,
ONCT,Oncternal Therapeutics Inc. Common Stock,therapeutics,2021-02-02,2024-12-03,47,1.6,410.0,exit_small,,,,unresolved,
PIRS,Pieris Pharmaceuticals Inc. Common Stock,therapeutics,2021-02-02,2024-12-03,47,21.7,359.6,exit_small,,,,unresolved,
PMD,Psychemedics Corporation,diagnostics,2021-02-02,2024-12-03,47,13.9,46.6,exit_small,,,,unresolved,
TFFP,TFF Pharmaceuticals Inc. Common Stock,therapeutics,2021-02-02,2024-12-03,47,1.4,358.5,exit_small,,,,unresolved,
VCNX,Vaccinex Inc. Common Stock,therapeutics,2021-02-02,2024-12-03,47,10.7,84.6,exit_small,,,,unresolved,
ALRN,Aileron Therapeutics Inc. Common Stock,therapeutics,2021-02-02,2025-01-01,48,49.8,158.0,exit_small,,,,unresolved,
BGNE,BeiGene Ltd. American Depositary Shares,therapeutics,2021-02-02,2025-01-01,48,19693.4,33773.1,exit_large,,,candidate_missing_deal,rename,BeiGene redomiciled and renamed BeOne Medicines (ONC) in 2025 (recall)
LUNA,Luna Innovations Incorporated Common Stock,services,2021-02-02,2025-01-01,48,73.4,387.7,exit_mid,,,,unresolved,
PSTX,Poseida Therapeutics Inc. Common Stock,therapeutics,2021-02-02,2025-01-01,48,935.7,935.7,exit_large,,TK-2024-10,,takeout_in_db,
AVGR,Avinger Inc. Common Stock,medtech,2021-02-02,2025-02-01,49,1.8,159.5,exit_small,,,,unresolved,
BPTH,Bio-Path Holdings Inc. Common Stock,therapeutics,2021-02-02,2025-02-01,49,3.5,48.8,exit_small,,,,unresolved,
CDMO,Avid Bioservices Inc. Common Stock,services,2021-02-02,2025-02-01,49,798.3,1988.7,exit_large,,,candidate_missing_deal,unresolved,
IZTC,Invizyne Technologies Inc. Common Stock,therapeutics,2024-12-03,2025-02-01,3,104.8,104.8,exit_mid,,,,unresolved,
MRNS,Marinus Pharmaceuticals Inc. Common Stock,therapeutics,2021-02-02,2025-02-01,49,29.9,657.3,exit_small,,,,unresolved,
NARI,Inari Medical Inc. Common Stock,medtech,2021-02-02,2025-02-01,49,4664.2,5666.8,exit_large,,,candidate_missing_deal,unresolved,
OMGA,Omega Therapeutics Inc. Common Stock,therapeutics,2021-08-03,2025-02-01,43,27.1,1398.8,exit_small,,,,unresolved,
OMIC,Singular Genomics Systems Inc. Common Stock,medtech,2021-06-02,2025-02-01,45,49.8,2162.6,exit_small,,,,unresolved,
PROC,Procaps Group S.A. Ordinary Shares,therapeutics,2021-10-01,2025-02-01,41,179.5,1158.7,exit_mid,,,,unresolved,
RVNC,Revance Therapeutics Inc. Common Stock,therapeutics,2021-02-02,2025-02-01,49,380.8,2854.9,exit_large,,TK-2024-11,,takeout_in_db,
TTOO,T2 Biosystems Inc. Common Stock,diagnostics,2021-02-02,2025-02-01,49,4.5,338.8,exit_small,,,,unresolved,
VIRX,Viracta Therapeutics Inc. Common Stock,therapeutics,2021-03-02,2025-02-01,48,6.0,420.6,exit_small,,,,unresolved,
AADI,Aadi Bioscience Inc. Common Stock,therapeutics,2021-09-01,2025-03-01,43,63.1,612.9,exit_mid,,,,unresolved,
ACHL,Achilles Therapeutics plc American Depositary Shares,therapeutics,2021-04-01,2025-03-01,48,56.7,631.7,exit_mid,,,,unresolved,
ALVR,AlloVir Inc. Common Stock,therapeutics,2021-02-02,2025-03-01,50,49.4,2405.3,exit_small,,,,unresolved,
ATXI,Avenue Therapeutics Inc. Common Stock,therapeutics,2021-02-02,2025-03-01,50,2.1,104.3,exit_small,,,,unresolved,
BACK,IMAC Holdings Inc. Common Stock,diagnostics,2022-09-01,2025-03-01,31,1.2,11.2,exit_small,,,,unresolved,
CTCX,Carmell Corporation Common Stock,medtech,2023-08-01,2025-03-01,20,4.9,88.2,exit_small,,,,unresolved,
CUTR,Cutera Inc. Common Stock,medtech,2021-02-02,2025-03-01,50,7.3,1246.2,exit_small,,,,unresolved,
CYTH,Cyclo Therapeutics Inc. Common Stock,therapeutics,2021-02-02,2025-03-01,50,21.9,65.0,exit_small,,,,unresolved,
ME,23andMe Holding Co. Class A Common Stock,diagnostics,2021-07-01,2025-03-01,45,59.0,4767.5,exit_mid,,,,unresolved,
NKGN,NKGen Biotech Inc. Common Stock,therapeutics,2023-10-03,2025-03-01,18,18.9,75.5,exit_small,,,,unresolved,
OPT,Opthea Limited American Depositary Shares,therapeutics,2021-02-02,2025-03-01,50,689.4,1132.5,exit_large,,,candidate_missing_deal,unresolved,Opthea ADS left Nasdaq in 2025 after Phase 3 failures; whether voluntary not checked
SYRS,Syros Pharmaceuticals Inc. Common Stock,therapeutics,2021-02-02,2025-03-01,50,3.8,613.1,exit_small,,,,unresolved,
TCBP,TC BioPharm (Holdings) plc American Depositary Shares,therapeutics,2022-03-01,2025-03-01,37,1.0,40.1,exit_small,,,,unresolved,
ZOM,Zomedica Corp. Common Shares,therapeutics,2021-02-02,2025-03-01,50,106.2,1950.6,exit_mid,,,,unresolved,
APTO,Aptose Biosciences Inc. Common Shares,therapeutics,2021-02-02,2025-04-01,51,6.8,522.7,exit_small,,,,unresolved,
AVTE,Aerovate Therapeutics Inc. Common Stock,therapeutics,2021-07-01,2025-04-01,46,72.8,856.8,exit_mid,,,,unresolved,
AWH,Aspira Women's Health Inc. Common Stock,medtech,2021-02-02,2025-04-01,51,2.8,928.0,exit_small,,,,unresolved,
CARA,Cara Therapeutics Inc. Common Stock,therapeutics,2021-02-02,2025-04-01,51,23.2,1082.8,exit_small,,,,unresolved,
CMRX,Chimerix Inc. Common Stock,therapeutics,2021-02-02,2025-04-01,51,798.3,825.9,exit_large,,TK-2025-16,,takeout_in_db,
ENZ,Enzo Biochem Inc. Common Stock ($0.01 Par Value),diagnostics,2021-02-02,2025-04-01,51,19.4,177.4,exit_small,,,,unresolved,
FNA,Paragon 28 Inc. Common Stock,medtech,2021-11-02,2025-04-01,42,1095.7,1659.4,exit_large,,,candidate_missing_deal,unresolved,
ITCI,Intra-Cellular Therapies Inc. Common Stock,therapeutics,2021-02-02,2025-04-01,51,14026.8,14026.8,exit_large,,TK-2025-11,,takeout_in_db,
NAYA,NAYA Biosciences Inc. Common Stock,medtech,2024-11-01,2025-04-01,6,1.3,4.7,exit_small,,,,unresolved,
NVRO,Nevro Corp. Common Stock,medtech,2021-02-02,2025-04-01,51,221.2,5995.2,exit_mid,,,,unresolved,
OCEA,Ocean Biomedical Inc. Common Stock,therapeutics,2023-03-01,2025-04-01,26,1.9,292.0,exit_small,,,,unresolved,
ONVO,Organovo Holdings Inc. Common Stock,therapeutics,2021-02-02,2025-04-01,51,4.0,94.9,exit_small,,,,unresolved,
SCPX,Scorpius Holdings Inc. Common Stock,therapeutics,2024-03-01,2025-04-01,12,0.0,10.7,exit_small,,,,unresolved,
VINC,Vincerx Pharma Inc. Common Stock,therapeutics,2021-02-02,2025-04-01,51,2.8,310.7,exit_small,,,,unresolved,
VRPX,Virpax Pharmaceuticals Inc. Common Stock,therapeutics,2021-03-02,2025-04-01,50,1.5,94.7,exit_small,,,,unresolved,
AFMD,Affimed N.V.,therapeutics,2021-02-02,2025-05-01,52,15.1,1271.6,exit_small,,,,unresolved,
ALLK,Allakos Inc. Common Stock,therapeutics,2021-02-02,2025-05-01,52,29.4,7100.6,exit_small,,,,unresolved,
AXDX,Accelerate Diagnostics Inc. Common Stock,tools,2021-02-02,2025-05-01,52,13.5,633.3,exit_small,,,,unresolved,
CKPT,Checkpoint Therapeutics Inc. Common Stock,therapeutics,2021-02-02,2025-05-01,52,343.4,343.4,exit_large,,TK-2025-24,,takeout_in_db,
HEPA,Hepion Pharmaceuticals Inc. Common Stock,therapeutics,2021-02-02,2025-05-01,52,3.2,151.7,exit_small,,,,unresolved,
LGMK,LogicMark Inc. Common Stock (NV),medtech,2022-04-01,2025-05-01,38,1.0,28.1,exit_small,,,,unresolved,
NURO,NeuroMetrix Inc. Common Stock,medtech,2021-02-02,2025-05-01,52,9.0,73.9,exit_small,,,,unresolved,
OPTN,OptiNose Inc. Common Stock,therapeutics,2021-02-02,2025-05-01,52,93.9,1007.5,exit_mid,,,,unresolved,
PTPI,Petros Pharmaceuticals Inc. Common Stock,therapeutics,2021-02-02,2025-05-01,52,0.7,68.7,exit_small,,,,unresolved,
SLRN,ACELYRIN INC. Common Stock,therapeutics,2023-06-01,2025-05-01,24,246.7,2463.1,exit_mid,,,,unresolved,
TSVT,2seventy bio Inc. Common Stock,therapeutics,2021-12-01,2025-05-01,42,261.2,641.7,exit_mid,,TK-2025-21,,takeout_in_db,
BLUE,bluebird bio Inc. Common Stock,therapeutics,2021-02-02,2025-06-03,53,48.7,3035.9,exit_small,,TK-2025-28,,takeout_in_db,
GLYC,GlycoMimetics Inc. Common Stock,therapeutics,2021-02-02,2025-06-03,53,13.0,195.9,exit_small,,,,unresolved,
LIPO,Lipella Pharmaceuticals Inc. Common Stock,therapeutics,2023-01-04,2025-06-03,30,13.2,18.4,exit_small,,,,unresolved,
OCX,Oncocyte Corporation Common Stock,diagnostics,2021-02-02,2025-06-03,53,91.2,515.8,exit_mid,,,,unresolved,
RGLS,Regulus Therapeutics Inc. Common Stock,therapeutics,2021-02-02,2025-06-03,53,549.7,549.7,exit_large,,TK-2025-20,,takeout_in_db,
AKYA,Akoya BioSciences Inc. Common Stock,diagnostics,2021-05-01,2025-07-01,51,64.8,823.0,exit_mid,,,,unresolved,
BCLI,Brainstorm Cell Therapeutics Inc. Common Stock,therapeutics,2021-02-02,2025-07-01,54,8.9,178.0,exit_small,,,,unresolved,
BPMC,Blueprint Medicines Corporation Common Stock,therapeutics,2021-02-02,2025-07-01,54,8278.1,8278.1,exit_large,,TK-2025-14,,takeout_in_db,
CHRO,Channel Therapeutics Corporation Common Stock,therapeutics,2024-03-01,2025-07-01,17,8.3,21.7,exit_small,,,,unresolved,
ELEV,Elevation Oncology Inc. Common stock,therapeutics,2021-07-01,2025-07-01,49,21.7,309.7,exit_small,,,,unresolved,
EYEN,Eyenovia Inc. Common Stock,therapeutics,2021-02-02,2025-07-01,54,29.9,201.0,exit_small,,,,unresolved,
ICAD,iCAD Inc. Common Stock,medtech,2021-02-02,2025-07-01,54,104.6,528.8,exit_mid,,,,unresolved,
IKNA,Ikena Oncology Inc. Common Stock,therapeutics,2021-04-01,2025-07-01,52,64.7,977.1,exit_mid,,,,unresolved,
INZY,Inozyme Pharma Inc. Common Stock,therapeutics,2021-02-02,2025-07-01,54,258.2,514.2,exit_mid,,TK-2025-18,,takeout_in_db,
SWTX,SpringWorks Therapeutics Inc. Common Stock,therapeutics,2021-02-02,2025-07-01,54,3539.4,4328.3,exit_large,,TK-2025-13,,takeout_in_db,
THRD,Third Harmonic Bio Inc. Common Stock,therapeutics,2022-10-01,2025-07-01,34,245.0,966.7,exit_mid,,,,unresolved,
UBX,Unity Biotechnology Inc. Common Stock,therapeutics,2021-02-02,2025-07-01,54,6.6,402.7,exit_small,,,,unresolved,
VERV,Verve Therapeutics Inc. Common Stock,therapeutics,2021-07-01,2025-07-01,49,1001.1,3357.5,exit_large,,TK-2025-15,,takeout_in_db,
VXRT,Vaxart Inc Common Stock,therapeutics,2021-02-02,2025-07-01,54,103.2,1704.4,exit_mid,,,,unresolved,
ZVSA,ZyVersa Therapeutics Inc. Common Stock,therapeutics,2023-01-04,2025-07-01,31,3.2,20.0,exit_small,,,,unresolved,
ATNF,180 Life Sciences Corp. Common Stock,therapeutics,2021-02-02,2025-08-01,55,19.8,244.0,exit_small,,,,unresolved,
CRGX,CARGO Therapeutics Inc. Common Stock,therapeutics,2023-12-01,2025-08-01,21,206.1,996.3,exit_mid,,,,unresolved,
HOOK,HOOKIPA Pharma Inc. Common Stock,therapeutics,2021-02-02,2025-08-01,55,10.9,495.2,exit_small,,,,unresolved,
IGMS,IGM Biosciences Inc. Common Stock,therapeutics,2021-02-02,2025-08-01,55,76.3,3112.4,exit_mid,,,,unresolved,
ITOS,iTeos Therapeutics Inc. Common Stock,therapeutics,2021-02-02,2025-08-01,55,388.1,1642.4,exit_large,,TK-2025-25,,takeout_in_db,
RSLS,ReShape Lifesciences Inc. Common Stock,medtech,2021-07-01,2025-08-01,50,1.8,63.8,exit_small,,,,unresolved,
SAGE,Sage Therapeutics Inc. Common Stock,therapeutics,2021-02-02,2025-08-01,55,543.5,5095.6,exit_large,,TK-2025-17,,takeout_in_db,
TSBX,Turnstone Biologics Corp. Common Stock,therapeutics,2023-08-01,2025-08-01,25,8.2,105.3,exit_small,,,,unresolved,
VIGL,Vigil Neuroscience Inc. Common Stock,therapeutics,2022-02-01,2025-08-01,43,375.7,557.6,exit_large,,TK-2025-19,,takeout_in_db,
WINT,Windtree Therapeutics Inc. Common Stock,therapeutics,2021-02-02,2025-08-01,55,2.5,272.7,exit_small,,,,unresolved,
XYLO,Xylo Technologies Ltd. American Depositary Shares,medtech,2024-05-01,2025-08-01,16,17.4,17.8,exit_small,,,,unresolved,
BSGM,BioSig Technologies Inc. Common Stock,medtech,2021-02-02,2025-09-03,52,148.6,194.9,exit_mid,,,,unresolved,
CSCI,COSCIENS Biopharma Inc. Common Stock,therapeutics,2024-09-04,2025-09-03,13,9.8,12.3,exit_small,,,,unresolved,
CYCC,Cyclacel Pharmaceuticals Inc. Common Stock,therapeutics,2021-02-02,2025-09-03,56,17.2,67.4,exit_small,,,,unresolved,
DRRX,DURECT Corporation Common Stock,therapeutics,2021-02-02,2025-09-03,56,60.2,500.6,exit_mid,,,,unresolved,
HLVX,HilleVax Inc. Common Stock,therapeutics,2022-05-03,2025-09-03,41,104.3,879.1,exit_mid,,,,unresolved,
IPA,ImmunoPrecise Antibodies Ltd. Common Stock,therapeutics,2021-02-02,2025-09-03,56,88.3,273.6,exit_mid,,,,unresolved,
LSB,LakeShore Biopharma Co. Ltd Ordinary Shares,therapeutics,2024-06-01,2025-09-03,16,33.9,130.1,exit_small,,,,unresolved,
MEIP,MEI Pharma Inc. Common Stock,therapeutics,2021-02-02,2025-09-03,56,32.3,431.0,exit_small,,,,unresolved,
PRTG,Portage Biotech Inc. Common Stock,therapeutics,2021-03-02,2025-09-03,55,15.9,410.5,exit_small,,,,unresolved,
THTX,Theratechnologies Inc. Common Shares,therapeutics,2021-02-02,2025-09-03,56,149.2,367.1,exit_mid,,,,unresolved,
TNFA,TNF Pharmaceuticals Inc. Common Stock,therapeutics,2024-08-01,2025-09-03,14,671.1,671.1,exit_large,,,candidate_missing_deal,unresolved,TNF Pharmaceuticals; exit not checked
XAGE,Longevity Health Holdings Inc. Common Stock,medtech,2025-04-01,2025-09-03,6,4.6,4.8,exit_small,,,,unresolved,
YMAB,Y-mAbs Therapeutics Inc. Common Stock,therapeutics,2021-02-02,2025-09-03,56,389.0,1723.0,exit_large,,TK-2025-26,,takeout_in_db,
ADAP,Adaptimmune Therapeutics plc American Depositary Shares,therapeutics,2021-02-02,2025-10-01,57,34.5,1856.7,exit_small,,,,unresolved,
APDN,Applied DNA Sciences Inc. Common Stock,diagnostics,2021-02-02,2025-10-01,57,5.0,89.1,exit_small,,,,unresolved,
CARM,Carisma Therapeutics Inc. Common Stock,therapeutics,2023-04-01,2025-10-01,31,11.4,1153.8,exit_small,,,,unresolved,
CERO,CERo Therapeutics Holdings Inc. Common Stock,therapeutics,2024-03-01,2025-10-01,20,6.1,33.2,exit_small,,,,unresolved,
EPIX,ESSA Pharma Inc. Common Stock,therapeutics,2021-02-02,2025-10-01,57,9.0,936.4,exit_small,,,,unresolved,
ETNB,89bio Inc. Common Stock,therapeutics,2021-02-02,2025-10-01,57,2180.1,2180.1,exit_large,,TK-2025-05,,takeout_in_db,
IMAB,I-MAB American Depositary Shares,therapeutics,2021-02-02,2025-10-01,57,308.1,6316.6,exit_large,,,candidate_missing_deal,unresolved,"I-Mab ADS; possible rename in 2025, not checked"
MGRM,Monogram Technologies Inc. Common Stock,medtech,2023-06-01,2025-10-01,29,238.5,240.5,exit_mid,,,,unresolved,
NEUE,NeueHealth Inc. Common Stock,diagnostics,2024-03-01,2025-10-01,20,60.2,62.3,exit_mid,,,,unresolved,
NLSP,NLS Pharmaceutics Ltd. Ordinary Shares,therapeutics,2021-02-02,2025-10-01,57,6.6,54.2,exit_small,,,,unresolved,
RENB,Lunai Bioworks Inc. Common Stock,therapeutics,2023-09-01,2025-10-01,26,327.9,431.0,ticker_change,LNAI,,,ticker_change,successor LNAI
SCPH,scPharmaceuticals Inc. Common Stock,therapeutics,2021-02-02,2025-10-01,57,302.2,379.9,exit_large,,TK-2025-27,,takeout_in_db,
TRML,Tourmaline Bio Inc. Common Stock,therapeutics,2023-11-01,2025-10-01,24,1228.9,1228.9,exit_large,,TK-2025-09,,takeout_in_db,
TTNP,Titan Pharmaceuticals Inc. Common Stock,therapeutics,2021-02-02,2025-10-01,57,6.4,34.2,exit_small,,,,unresolved,
VRNA,Verona Pharma plc American Depositary Share,therapeutics,2021-02-02,2025-10-01,57,9197.6,13679.6,exit_large,,TK-2025-10,,takeout_in_db,
ZIMV,ZimVie Inc. Common Stock,medtech,2022-04-01,2025-10-01,43,534.1,607.0,exit_large,,,candidate_missing_deal,unresolved,
CHEK,Check-Cap Ltd. Ordinary Share,medtech,2021-02-02,2025-11-01,58,8.1,160.0,exit_small,,,,unresolved,
CLSD,Clearside Biomedical Inc. Common Stock,therapeutics,2021-02-02,2025-11-01,58,19.7,409.8,exit_small,,,,unresolved,
DHAI,DIH Holdings US Inc. Class A Common Stock,medtech,2024-03-01,2025-11-01,21,4.1,120.4,exit_small,,,,unresolved,
ENTO,Entero Therapeutics Inc. Common Stock,therapeutics,2024-06-01,2025-11-01,18,7.0,7.9,exit_small,,,,unresolved,
GNFT,GENFIT S.A. American Depositary Shares,therapeutics,2021-02-02,2025-11-01,58,212.0,297.5,exit_mid,,,,unresolved,
LPTX,Leap Therapeutics Inc. Common Stock,therapeutics,2021-02-02,2025-11-01,58,19.0,373.8,exit_small,,,,unresolved,
LVTX,LAVA Therapeutics N.V. Ordinary Shares,therapeutics,2021-04-01,2025-11-01,56,42.9,385.1,exit_small,,,,unresolved,
MTSR,Metsera Inc. Common Stock,therapeutics,2025-02-01,2025-11-01,10,6695.2,6695.2,exit_large,,TK-2025-07,,takeout_in_db,
QLGN,Qualigen Therapeutics Inc. Common Stock,therapeutics,2021-02-02,2025-11-01,58,5.2,91.6,exit_small,,,,unresolved,
SRDX,Surmodics Inc. Common Stock,medtech,2021-02-02,2025-11-01,58,388.5,833.3,exit_large,,,candidate_missing_deal,unresolved,
ADVM,Adverum Biotechnologies Inc. Common Stock,therapeutics,2021-02-02,2025-12-02,59,92.7,1298.4,exit_mid,,,,unresolved,
AKRO,Akero Therapeutics Inc. Common Stock,therapeutics,2021-02-02,2025-12-02,59,4480.9,4480.9,exit_large,,TK-2025-06,,takeout_in_db,
EVOK,Evoke Pharma Inc. Common Stock,therapeutics,2021-02-02,2025-12-02,59,18.8,95.4,exit_small,,,,unresolved,
MHUA,Meihua International Medical Technologies Co. Ltd. Class A Ordinary Shares,medtech,2022-03-01,2025-12-02,46,7.6,813.5,exit_small,,,,unresolved,
MRUS,Merus N.V. Common Shares,therapeutics,2021-02-02,2025-12-02,59,7276.5,7276.5,exit_large,,TK-2025-08,,takeout_in_db,
MURA,Mural Oncology plc Ordinary Shares,therapeutics,2023-12-01,2025-12-02,25,35.2,99.8,exit_small,,,,unresolved,
NAOV,NanoVibronix Inc. Common Stock,medtech,2021-02-02,2025-12-02,59,4.2,66.3,exit_small,,,,unresolved,
POAI,Predictive Oncology Inc. Common Stock,medtech,2021-02-02,2025-12-02,59,18.5,154.9,exit_small,,,,unresolved,
SONN,Sonnet BioTherapeutics Holdings Inc. Common Stock,therapeutics,2021-02-02,2025-12-02,59,20.9,46.2,exit_small,,,,unresolved,
ZYXI,Zynex Inc. Common Stock,medtech,2021-02-02,2025-12-02,59,37.4,632.1,exit_small,,,,unresolved,
ATHA,Athira Pharma Inc. Common Stock,therapeutics,2021-02-02,2026-01-01,60,29.9,780.8,exit_small,,,,unresolved,
ATXS,Astria Therapeutics Inc. Common Stock,therapeutics,2021-10-01,2026-01-01,52,747.2,747.2,exit_large,,TK-2025-22,,takeout_in_db,
CDTX,Cidara Therapeutics Inc. Common Stock,therapeutics,2021-02-02,2026-01-01,60,6944.6,6944.6,exit_large,,TK-2025-03,,takeout_in_db,
CVAC,CureVac N.V. Ordinary Shares,therapeutics,2021-02-02,2026-01-01,60,1014.0,21857.7,exit_large,,TK-2025-23,,takeout_in_db,
CYBN,Cybin Inc. Common Shares,therapeutics,2021-09-01,2026-01-01,53,408.1,6753.7,exit_large,,,candidate_missing_deal,rename,Cybin renamed Helus Pharma (HELP) on 2026-01-05 and moved to Nasdaq
FGEN,FibroGen Inc Common Stock,therapeutics,2021-02-02,2026-01-01,60,35.5,4598.8,exit_small,,,,unresolved,
FLGC,Flora Growth Corp. Common Stock,therapeutics,2021-06-02,2026-01-01,56,4.7,392.1,exit_small,,,,unresolved,
MNMD,Mind Medicine (MindMed) Inc. Common Shares,therapeutics,2021-05-01,2026-01-01,57,1319.0,4951.0,exit_large,,,candidate_missing_deal,rename,MindMed renamed Definium Therapeutics (DFTX) on 2026-01-15
MRSN,Mersana Therapeutics Inc. Common Stock,therapeutics,2021-02-02,2026-01-01,60,144.6,1403.5,exit_mid,,,,unresolved,
OMI,Owens & Minor Inc. Common Stock,diagnostics,2021-02-02,2026-01-01,60,216.6,3524.4,exit_mid,,,,unresolved,
PRPH,ProPhase Labs Inc. Common Stock (DE),therapeutics,2021-02-02,2026-01-01,60,1.9,198.9,exit_small,,,,unresolved,
PTHL,Pheton Holdings Ltd Class A Ordinary Shares,medtech,2024-10-01,2026-01-01,16,6.0,262.1,exit_small,,,,unresolved,
PTIX,Protagenic Therapeutics Inc. Common Stock,therapeutics,2021-05-01,2026-01-01,57,2.5,42.2,exit_small,,,,unresolved,
RPTX,Repare Therapeutics Inc. Common Shares,therapeutics,2021-02-02,2026-01-01,60,112.1,1325.4,exit_mid,,,,unresolved,
SLRX,Salarius Pharmaceuticals Inc. Common Stock,therapeutics,2021-02-02,2026-01-01,60,3.8,66.2,exit_small,,,,unresolved,
SMLR,Semler Scientific Inc. Common Stock,medtech,2021-10-01,2026-01-01,51,231.8,1011.5,exit_mid,,,,unresolved,
SYBX,Synlogic Inc. Common Stock,therapeutics,2021-02-02,2026-01-01,60,13.1,203.7,exit_small,,,,unresolved,
ABP,Abpro Holdings Inc Common Stock,therapeutics,2024-12-03,2026-02-03,15,5.2,135.5,exit_small,,,,unresolved,
ANEB,Anebulo Pharmaceuticals Inc. Common Stock,therapeutics,2021-06-02,2026-02-03,57,39.3,180.5,exit_small,,,,unresolved,
APLT,Applied Therapeutics Inc. Common Stock,therapeutics,2021-02-02,2026-02-03,61,14.9,1015.2,exit_small,,,,unresolved,
AVDL,Avadel Pharmaceuticals plc Ordinary Share,therapeutics,2021-02-02,2026-02-03,61,2105.5,2105.5,exit_large,,TK-2025-12,,takeout_in_db,
CASI,CASI Pharmaceuticals Inc. Ordinary Shares,therapeutics,2021-02-02,2026-02-03,61,15.3,430.1,exit_small,,,,unresolved,
DVAX,Dynavax Technologies Corporation Common Stock,therapeutics,2021-02-02,2026-02-03,61,1818.9,2359.5,exit_large,,TK-2025-01,,takeout_in_db,
ETHZ,ETHZilla Corporation Common Stock,therapeutics,2025-09-03,2026-02-03,6,73.0,441.8,exit_mid,,,,unresolved,
GBIO,Generation Bio Co. Common Stock,therapeutics,2021-02-02,2026-02-03,61,38.0,2239.8,exit_small,,TK-2026-12,,takeout_in_db,
SSKN,Strata Skin Sciences Inc. Common Stock,medtech,2021-02-02,2026-02-03,61,7.5,62.9,exit_small,,,,unresolved,
THAR,Tharimmune Inc. Common Stock,therapeutics,2023-10-03,2026-02-03,29,206.8,569.3,exit_mid,,,,unresolved,
VERO,Venus Concept Inc. Common Stock,medtech,2021-02-02,2026-02-03,61,2.6,168.2,exit_small,,,,unresolved,
ALUR,Allurion Technologies Inc. Common Stock,medtech,2023-09-01,2026-03-03,31,8.6,217.6,exit_small,,,,unresolved,
EXAS,Exact Sciences Corporation Common Stock,diagnostics,2021-02-02,2026-03-03,62,19728.3,23708.6,exit_large,,,candidate_missing_deal,unresolved,
GLTO,Galecto Inc. Common Stock,therapeutics,2021-02-02,2026-03-03,62,1810.0,1810.0,exit_large,,,candidate_missing_deal,rename,Galecto acquired Damora Therapeutics in November 2025 and now trades as Damora (DMRA)
KLTO,Klotho Neurosciences Inc. Common Stock,therapeutics,2024-10-01,2026-03-03,18,47.5,47.5,exit_small,,,,unresolved,
LYRA,Lyra Therapeutics Inc. Common Stock,medtech,2021-02-02,2026-03-03,62,2.1,373.4,exit_small,,,,unresolved,
MYNZ,Mainz Biomed N.V. Ordinary Shares,therapeutics,2021-12-01,2026-03-03,52,6.9,200.9,exit_small,,,,unresolved,
RAPT,RAPT Therapeutics Inc. Common Stock,therapeutics,2021-02-02,2026-03-03,62,1607.8,1607.8,exit_large,,TK-2026-18,,takeout_in_db,
RBOT,Vicarious Surgical Inc. Class A Common Stock,diagnostics,2021-10-01,2026-03-03,54,17.4,1774.6,exit_small,,,,unresolved,
SAVA,Cassava Sciences Inc. Common Stock,therapeutics,2021-02-02,2026-03-03,62,112.1,3418.3,exit_mid,,,,unresolved,
VTYX,Ventyx Biosciences Inc. Common Stock,therapeutics,2021-11-02,2026-03-03,53,997.6,2449.6,exit_large,,TK-2026-10,,takeout_in_db,
ACLX,Arcellx Inc. Common Stock,therapeutics,2022-03-01,2026-04-01,50,6714.7,6714.7,exit_large,,TK-2026-13,,takeout_in_db,
COEP,Coeptis Therapeutics Holdings Inc. Common Stock,therapeutics,2022-11-01,2026-04-01,42,69.8,226.2,exit_mid,,,,unresolved,
DAWN,Day One Biopharmaceuticals Inc. Common Stock,therapeutics,2021-06-02,2026-04-01,59,2214.7,2214.7,exit_large,,TK-2026-11,,takeout_in_db,
FOLD,Amicus Therapeutics Inc. Common Stock,therapeutics,2021-02-02,2026-04-01,63,4540.5,5016.3,exit_large,,TK-2025-02,,takeout_in_db,
HOLX,Hologic Inc. Common Stock,medtech,2021-02-02,2026-04-01,63,16875.1,21615.4,exit_large,,,candidate_missing_deal,unresolved,
IOBT,IO Biotech Inc. Common Stock,therapeutics,2021-12-01,2026-04-01,53,4.2,258.8,exit_small,,,,unresolved,
ITRM,Iterum Therapeutics plc Ordinary Share,therapeutics,2021-02-02,2026-04-01,63,1.6,484.1,exit_small,,,,unresolved,
NBY,NovaBay Pharmaceuticals Inc. Common Stock,therapeutics,2021-02-02,2026-04-01,63,39.7,710.7,exit_small,,,,unresolved,
TIVC,Tivic Health Systems Inc. Common Stock,medtech,2021-12-01,2026-04-01,53,2.2,37.7,exit_small,,,,unresolved,
APLS,Apellis Pharmaceuticals Inc. Common Stock,therapeutics,2021-02-02,2026-05-01,64,5234.6,10609.2,exit_large,,TK-2026-02,,takeout_in_db,
EDAP,EDAP TMS S.A. American Depositary Shares,medtech,2021-02-02,2026-05-01,64,124.4,425.4,ticker_change,FOCL,,,ticker_change,successor FOCL
EKSO,Ekso Bionics Holdings Inc. Common Stock,medtech,2021-02-02,2026-05-01,64,42.8,86.0,exit_small,,,,unresolved,
GLPG,Galapagos NV American Depositary Shares,therapeutics,2021-02-02,2026-05-01,64,1833.9,6810.0,exit_large,,,candidate_missing_deal,unresolved,"Galapagos ADS last seen 2026-05; a 2026 6-K covers a cell therapy wind-down, no delisting found"
HOTH,Hoth Therapeutics Inc. Common Stock,therapeutics,2021-02-02,2026-05-01,64,14.3,45.0,exit_small,,,,unresolved,
IINN,Inspira Technologies Oxy B.H.N. Ltd. Ordinary Shares,medtech,2021-08-03,2026-05-01,58,19.4,37.9,exit_small,,,,unresolved,
KZR,Kezar Life Sciences Inc. Common Stock,therapeutics,2021-02-02,2026-05-01,64,53.9,942.6,exit_mid,,,,unresolved,
PRTC,PureTech Health plc American Depositary Shares,therapeutics,2021-02-02,2026-05-01,64,416.9,1690.5,exit_large,,,candidate_missing_deal,unresolved,PureTech Health ADS last seen 2026-05; not checked
RVPH,Reviva Pharmaceuticals Holdings Inc. Common Stock,therapeutics,2021-02-02,2026-05-01,64,11.2,120.9,exit_small,,,,unresolved,
SGMO,Sangamo Therapeutics Inc. Common Stock,therapeutics,2021-02-02,2026-05-01,64,49.4,1991.5,exit_small,,,,unresolved,
SLNO,Soleno Therapeutics Inc. Common Stock,therapeutics,2021-02-02,2026-05-01,64,2726.8,4357.6,exit_large,,TK-2026-15,,takeout_in_db,
STSS,Sharps Technology Inc. Common Stock,medtech,2022-05-03,2026-05-01,49,69.0,86.7,exit_mid,,,,unresolved,
TERN,Terns Pharmaceuticals Inc. Common Stock,therapeutics,2021-03-02,2026-05-01,63,6108.8,6108.8,exit_large,,TK-2026-09,,takeout_in_db,
ADTX,Aditxt Inc. Common Stock,therapeutics,2021-02-02,2026-06-02,65,0.1,418.6,exit_small,,,,unresolved,
ASRT,Assertio Holdings Inc. Common Stock,therapeutics,2021-02-02,2026-06-02,65,151.4,352.4,exit_mid,,,,unresolved,
CNTA,Centessa Pharmaceuticals plc American Depositary Shares,therapeutics,2021-06-02,2026-06-02,61,6167.5,6167.5,exit_large,,TK-2026-14,,takeout_in_db,
FONR,Fonar Corporation Common Stock,medtech,2021-02-02,2026-06-02,65,125.3,156.4,exit_mid,,,,unresolved,
KALV,KalVista Pharmaceuticals Inc. Common Stock,therapeutics,2021-02-02,2026-06-02,65,1434.3,1434.3,exit_large,,TK-2026-16,,takeout_in_db,
MASI,Masimo Corporation Common Stock,medtech,2021-02-02,2026-06-02,65,9352.0,16167.8,exit_large,,,candidate_missing_deal,unresolved,
NOTV,Inotiv Inc. Common Stock,services,2021-04-01,2026-06-02,63,10.7,1257.1,exit_small,,,,unresolved,
SNSE,Sensei Biotherapeutics Inc. Common Stock,therapeutics,2021-03-02,2026-06-02,64,26.6,520.0,exit_small,,,,unresolved,
ALBT,Avalon GloboCare Corp. Common Stock,therapeutics,2022-12-01,2026-07-01,44,3.5,56.0,exit_small,,,,unresolved,
APM,Aptorum Group Limited Class A Ordinary Shares,therapeutics,2021-02-02,2026-07-01,66,6.4,113.7,exit_small,,,,unresolved,
ATLN,Atlantic International Corp. Common Stock,tools,2025-01-01,2026-07-01,19,74.8,244.7,exit_mid,,,,unresolved,
AVNS,Avanos Medical Inc. Common Stock,medtech,2021-02-02,2026-07-01,66,1165.0,2270.2,exit_large,,,candidate_missing_deal,unresolved,
CPRX,Catalyst Pharmaceuticals Inc. Common Stock,therapeutics,2021-02-02,2026-07-01,66,3846.4,3846.4,exit_large,,TK-2026-04,,takeout_in_db,
ESPR,Esperion Therapeutics Inc. Common Stock,therapeutics,2021-02-02,2026-07-01,66,813.5,889.3,exit_large,,TK-2026-17,,takeout_in_db,
LIXT,Lixte Biotechnology Holdings Inc. Common Stock,therapeutics,2021-02-02,2026-07-01,66,111.4,111.4,exit_mid,,,,unresolved,
NUVL,Nuvalent Inc. Class A Common Stock,therapeutics,2021-08-03,2026-07-01,60,9756.2,9756.2,exit_large,,TK-2026-05,,takeout_in_db,
VYNE,VYNE Therapeutics Inc. Common Stock,therapeutics,2021-02-02,2026-07-01,66,21.7,386.1,exit_small,,,,unresolved,
XOMA,XOMA Royalty Corporation Common Stock,therapeutics,2021-02-02,2026-07-01,66,533.0,533.0,exit_large,,TK-2026-20,,takeout_in_db,
BCAB,BioAtla Inc. Common Stock,therapeutics,2021-02-02,2026-08-01,67,5.5,1760.6,exit_small,,,,unresolved,
FBRX,Forte Biosciences Inc. Common Stock,therapeutics,2021-02-02,2026-08-01,67,1568.7,1568.7,exit_large,,TK-2026-07,,takeout_in_db,
OSRH,OSR Health Inc. Common Stock,medtech,2025-03-01,2026-08-01,18,15.7,33.5,exit_small,,,,unresolved,
PSTV,PLUS THERAPEUTICS Inc. Common Stock,medtech,2021-02-02,2026-08-01,67,26.6,80.1,exit_small,,,,unresolved,
AIXC,AIxCrypto Holdings Inc. Common Stock,therapeutics,2025-12-02,2026-09-01,10,16.5,54.5,exit_small,,,,unresolved,
APGE,Apogee Therapeutics Inc. Common Stock,therapeutics,2023-08-01,2026-09-01,38,10223.9,10223.9,exit_large,,TK-2026-06,,takeout_in_db,
ATAI,AtaiBeckley Inc. Common Stock,therapeutics,2021-07-01,2026-09-01,63,2722.1,2822.5,exit_large,,TK-2026-08,,takeout_in_db,
BRNS,Barinthus Biotherapeutics plc American Depositary Shares,therapeutics,2023-12-01,2026-09-01,34,28.5,109.1,exit_small,,,,unresolved,
BTAI,BioXcel Therapeutics Inc. Common Stock,therapeutics,2021-02-02,2026-09-01,68,5.1,1357.6,exit_small,,,,unresolved,
CRNX,Crinetics Pharmaceuticals Inc. Common Stock,therapeutics,2021-02-02,2026-09-01,68,9010.2,9010.2,exit_large,,TK-2026-03,,takeout_in_db,
CYCN,Cyclerion Therapeutics Inc. Common Stock,therapeutics,2021-02-02,2026-09-01,68,17.2,179.3,exit_small,,,,unresolved,
FEED,ENvue Medical Inc. Common Stock,medtech,2026-01-01,2026-09-01,9,3.9,5.5,exit_small,,,,unresolved,
GLMD,Galmed Pharmaceuticals Ltd. Ordinary Shares,therapeutics,2021-02-02,2026-09-01,68,4.3,97.3,exit_small,,,,unresolved,
PHGE,BiomX Inc. COmmon Stock,therapeutics,2021-02-02,2026-09-01,68,3.7,181.3,exit_small,,,,unresolved,
TBPH,Theravance Biopharma Inc. Ordinary Shares,therapeutics,2021-02-02,2026-09-01,68,884.7,1331.1,exit_large,,TK-2026-19,,takeout_in_db,
BLFS,BioLife Solutions Inc. Common Stock,tools,2021-02-02,2026-10-01,69,1918.1,2375.2,exit_large,,,candidate_missing_deal,unresolved,
SLP,Simulations Plus Inc. Common Stock,software_data,2021-02-02,2026-10-01,69,373.8,1571.4,exit_large,,,candidate_missing_deal,unresolved,
VTAK,Catheter Precision Inc. Common Stock,medtech,2023-09-01,2026-10-01,38,2.7,4.2,exit_small,,,,unresolved,
