snapshot_date,layer,cap_band,n_companies
2021-02-02,diagnostics,large_10_to_25,7
2021-02-02,diagnostics,mega_over_25,1
2021-02-02,diagnostics,micro_under_0.3,22
2021-02-02,diagnostics,mid_2_to_10,14
2021-02-02,diagnostics,small_0.3_to_2,11
2021-02-02,medtech,large_10_to_25,11
2021-02-02,medtech,mega_over_25,15
2021-02-02,medtech,micro_under_0.3,64
2021-02-02,medtech,mid_2_to_10,30
2021-02-02,medtech,small_0.3_to_2,52
2021-02-02,medtech,unknown,3
2021-02-02,services,large_10_to_25,4
2021-02-02,services,mega_over_25,1
2021-02-02,services,micro_under_0.3,2
2021-02-02,services,mid_2_to_10,3
2021-02-02,services,small_0.3_to_2,3
2021-02-02,software_data,mega_over_25,1
2021-02-02,software_data,mid_2_to_10,2
2021-02-02,software_data,small_0.3_to_2,1
2021-02-02,therapeutics,large_10_to_25,14
2021-02-02,therapeutics,mega_over_25,25
2021-02-02,therapeutics,micro_under_0.3,293
2021-02-02,therapeutics,mid_2_to_10,91
2021-02-02,therapeutics,small_0.3_to_2,264
2021-02-02,therapeutics,unknown,2
2021-02-02,tools,large_10_to_25,7
2021-02-02,tools,mega_over_25,5
2021-02-02,tools,micro_under_0.3,4
2021-02-02,tools,mid_2_to_10,8
2021-02-02,tools,small_0.3_to_2,4
2021-03-02,diagnostics,large_10_to_25,7
2021-03-02,diagnostics,mega_over_25,1
2021-03-02,diagnostics,micro_under_0.3,22
2021-03-02,diagnostics,mid_2_to_10,14
2021-03-02,diagnostics,small_0.3_to_2,10
2021-03-02,medtech,large_10_to_25,12
2021-03-02,medtech,mega_over_25,15
2021-03-02,medtech,micro_under_0.3,60
2021-03-02,medtech,mid_2_to_10,32
2021-03-02,medtech,small_0.3_to_2,58
2021-03-02,services,large_10_to_25,3
2021-03-02,services,mega_over_25,1
2021-03-02,services,micro_under_0.3,2
2021-03-02,services,mid_2_to_10,4
2021-03-02,services,small_0.3_to_2,3
2021-03-02,software_data,mega_over_25,1
2021-03-02,software_data,mid_2_to_10,2
2021-03-02,software_data,small_0.3_to_2,1
2021-03-02,therapeutics,large_10_to_25,18
2021-03-02,therapeutics,mega_over_25,24
2021-03-02,therapeutics,micro_under_0.3,287
2021-03-02,therapeutics,mid_2_to_10,93
2021-03-02,therapeutics,small_0.3_to_2,283
2021-03-02,tools,large_10_to_25,7
2021-03-02,tools,mega_over_25,5
2021-03-02,tools,micro_under_0.3,4
2021-03-02,tools,mid_2_to_10,8
2021-03-02,tools,small_0.3_to_2,4
2021-04-01,diagnostics,large_10_to_25,6
2021-04-01,diagnostics,mega_over_25,1
2021-04-01,diagnostics,micro_under_0.3,22
2021-04-01,diagnostics,mid_2_to_10,12
2021-04-01,diagnostics,small_0.3_to_2,11
2021-04-01,medtech,large_10_to_25,11
2021-04-01,medtech,mega_over_25,15
2021-04-01,medtech,micro_under_0.3,62
2021-04-01,medtech,mid_2_to_10,30
2021-04-01,medtech,small_0.3_to_2,60
2021-04-01,services,large_10_to_25,4
2021-04-01,services,mega_over_25,1
2021-04-01,services,micro_under_0.3,2
2021-04-01,services,mid_2_to_10,3
2021-04-01,services,small_0.3_to_2,3
2021-04-01,software_data,mega_over_25,1
2021-04-01,software_data,mid_2_to_10,2
2021-04-01,software_data,small_0.3_to_2,1
2021-04-01,therapeutics,large_10_to_25,15
2021-04-01,therapeutics,mega_over_25,24
2021-04-01,therapeutics,micro_under_0.3,302
2021-04-01,therapeutics,mid_2_to_10,86
2021-04-01,therapeutics,small_0.3_to_2,288
2021-04-01,therapeutics,unknown,2
2021-04-01,tools,large_10_to_25,7
2021-04-01,tools,mega_over_25,5
2021-04-01,tools,micro_under_0.3,4
2021-04-01,tools,mid_2_to_10,9
2021-04-01,tools,small_0.3_to_2,4
2021-05-01,diagnostics,large_10_to_25,5
2021-05-01,diagnostics,mega_over_25,2
2021-05-01,diagnostics,micro_under_0.3,21
2021-05-01,diagnostics,mid_2_to_10,13
2021-05-01,diagnostics,small_0.3_to_2,12
2021-05-01,medtech,large_10_to_25,11
2021-05-01,medtech,mega_over_25,15
2021-05-01,medtech,micro_under_0.3,62
2021-05-01,medtech,mid_2_to_10,30
2021-05-01,medtech,small_0.3_to_2,59
2021-05-01,services,large_10_to_25,5
2021-05-01,services,mega_over_25,1
2021-05-01,services,micro_under_0.3,1
2021-05-01,services,mid_2_to_10,2
2021-05-01,services,small_0.3_to_2,4
2021-05-01,software_data,mega_over_25,1
2021-05-01,software_data,mid_2_to_10,2
2021-05-01,software_data,small_0.3_to_2,1
2021-05-01,therapeutics,large_10_to_25,15
2021-05-01,therapeutics,mega_over_25,24
2021-05-01,therapeutics,micro_under_0.3,305
2021-05-01,therapeutics,mid_2_to_10,94
2021-05-01,therapeutics,small_0.3_to_2,285
2021-05-01,therapeutics,unknown,3
2021-05-01,tools,large_10_to_25,9
2021-05-01,tools,mega_over_25,5
2021-05-01,tools,micro_under_0.3,4
2021-05-01,tools,mid_2_to_10,6
2021-05-01,tools,small_0.3_to_2,5
2021-06-02,diagnostics,large_10_to_25,5
2021-06-02,diagnostics,mega_over_25,2
2021-06-02,diagnostics,micro_under_0.3,20
2021-06-02,diagnostics,mid_2_to_10,12
2021-06-02,diagnostics,small_0.3_to_2,14
2021-06-02,medtech,large_10_to_25,10
2021-06-02,medtech,mega_over_25,15
2021-06-02,medtech,micro_under_0.3,64
2021-06-02,medtech,mid_2_to_10,31
2021-06-02,medtech,small_0.3_to_2,59
2021-06-02,medtech,unknown,1
2021-06-02,services,large_10_to_25,5
2021-06-02,services,mega_over_25,1
2021-06-02,services,micro_under_0.3,1
2021-06-02,services,mid_2_to_10,2
2021-06-02,services,small_0.3_to_2,4
2021-06-02,software_data,mega_over_25,1
2021-06-02,software_data,mid_2_to_10,2
2021-06-02,software_data,small_0.3_to_2,1
2021-06-02,therapeutics,large_10_to_25,16
2021-06-02,therapeutics,mega_over_25,24
2021-06-02,therapeutics,micro_under_0.3,313
2021-06-02,therapeutics,mid_2_to_10,83
2021-06-02,therapeutics,small_0.3_to_2,296
2021-06-02,therapeutics,unknown,1
2021-06-02,tools,large_10_to_25,6
2021-06-02,tools,mega_over_25,6
2021-06-02,tools,micro_under_0.3,4
2021-06-02,tools,mid_2_to_10,6
2021-06-02,tools,small_0.3_to_2,7
2021-07-01,diagnostics,large_10_to_25,6
2021-07-01,diagnostics,mega_over_25,2
2021-07-01,diagnostics,micro_under_0.3,22
2021-07-01,diagnostics,mid_2_to_10,12
2021-07-01,diagnostics,small_0.3_to_2,15
2021-07-01,medtech,large_10_to_25,10
2021-07-01,medtech,mega_over_25,15
2021-07-01,medtech,micro_under_0.3,64
2021-07-01,medtech,mid_2_to_10,31
2021-07-01,medtech,small_0.3_to_2,61
2021-07-01,medtech,unknown,1
2021-07-01,services,large_10_to_25,5
2021-07-01,services,mega_over_25,1
2021-07-01,services,micro_under_0.3,1
2021-07-01,services,mid_2_to_10,2
2021-07-01,services,small_0.3_to_2,4
2021-07-01,software_data,mega_over_25,1
2021-07-01,software_data,mid_2_to_10,2
2021-07-01,software_data,small_0.3_to_2,1
2021-07-01,therapeutics,large_10_to_25,18
2021-07-01,therapeutics,mega_over_25,24
2021-07-01,therapeutics,micro_under_0.3,324
2021-07-01,therapeutics,mid_2_to_10,93
2021-07-01,therapeutics,small_0.3_to_2,290
2021-07-01,therapeutics,unknown,2
2021-07-01,tools,large_10_to_25,8
2021-07-01,tools,mega_over_25,6
2021-07-01,tools,micro_under_0.3,3
2021-07-01,tools,mid_2_to_10,7
2021-07-01,tools,small_0.3_to_2,7
2021-08-03,diagnostics,large_10_to_25,6
2021-08-03,diagnostics,mega_over_25,2
2021-08-03,diagnostics,micro_under_0.3,23
2021-08-03,diagnostics,mid_2_to_10,12
2021-08-03,diagnostics,small_0.3_to_2,17
2021-08-03,medtech,large_10_to_25,10
2021-08-03,medtech,mega_over_25,15
2021-08-03,medtech,micro_under_0.3,67
2021-08-03,medtech,mid_2_to_10,28
2021-08-03,medtech,small_0.3_to_2,65
2021-08-03,services,large_10_to_25,4
2021-08-03,services,mega_over_25,1
2021-08-03,services,micro_under_0.3,2
2021-08-03,services,mid_2_to_10,2
2021-08-03,services,small_0.3_to_2,4
2021-08-03,software_data,mega_over_25,1
2021-08-03,software_data,mid_2_to_10,2
2021-08-03,software_data,small_0.3_to_2,1
2021-08-03,therapeutics,large_10_to_25,15
2021-08-03,therapeutics,mega_over_25,23
2021-08-03,therapeutics,micro_under_0.3,358
2021-08-03,therapeutics,mid_2_to_10,90
2021-08-03,therapeutics,small_0.3_to_2,284
2021-08-03,therapeutics,unknown,1
2021-08-03,tools,large_10_to_25,8
2021-08-03,tools,mega_over_25,6
2021-08-03,tools,micro_under_0.3,3
2021-08-03,tools,mid_2_to_10,6
2021-08-03,tools,small_0.3_to_2,11
2021-09-01,diagnostics,large_10_to_25,6
2021-09-01,diagnostics,mega_over_25,2
2021-09-01,diagnostics,micro_under_0.3,24
2021-09-01,diagnostics,mid_2_to_10,11
2021-09-01,diagnostics,small_0.3_to_2,18
2021-09-01,medtech,large_10_to_25,11
2021-09-01,medtech,mega_over_25,15
2021-09-01,medtech,micro_under_0.3,69
2021-09-01,medtech,mid_2_to_10,29
2021-09-01,medtech,small_0.3_to_2,64
2021-09-01,services,large_10_to_25,4
2021-09-01,services,mega_over_25,1
2021-09-01,services,micro_under_0.3,2
2021-09-01,services,mid_2_to_10,2
2021-09-01,services,small_0.3_to_2,4
2021-09-01,software_data,mega_over_25,1
2021-09-01,software_data,mid_2_to_10,2
2021-09-01,software_data,small_0.3_to_2,1
2021-09-01,therapeutics,large_10_to_25,15
2021-09-01,therapeutics,mega_over_25,23
2021-09-01,therapeutics,micro_under_0.3,345
2021-09-01,therapeutics,mid_2_to_10,98
2021-09-01,therapeutics,small_0.3_to_2,299
2021-09-01,therapeutics,unknown,1
2021-09-01,tools,large_10_to_25,7
2021-09-01,tools,mega_over_25,7
2021-09-01,tools,micro_under_0.3,3
2021-09-01,tools,mid_2_to_10,8
2021-09-01,tools,small_0.3_to_2,9
2021-10-01,diagnostics,large_10_to_25,6
2021-10-01,diagnostics,mega_over_25,2
2021-10-01,diagnostics,micro_under_0.3,26
2021-10-01,diagnostics,mid_2_to_10,11
2021-10-01,diagnostics,small_0.3_to_2,18
2021-10-01,diagnostics,unknown,1
2021-10-01,medtech,large_10_to_25,10
2021-10-01,medtech,mega_over_25,15
2021-10-01,medtech,micro_under_0.3,77
2021-10-01,medtech,mid_2_to_10,30
2021-10-01,medtech,small_0.3_to_2,59
2021-10-01,medtech,unknown,1
2021-10-01,services,large_10_to_25,4
2021-10-01,services,mega_over_25,1
2021-10-01,services,micro_under_0.3,1
2021-10-01,services,mid_2_to_10,2
2021-10-01,services,small_0.3_to_2,4
2021-10-01,software_data,mega_over_25,1
2021-10-01,software_data,mid_2_to_10,2
2021-10-01,software_data,small_0.3_to_2,1
2021-10-01,therapeutics,large_10_to_25,14
2021-10-01,therapeutics,mega_over_25,23
2021-10-01,therapeutics,micro_under_0.3,365
2021-10-01,therapeutics,mid_2_to_10,96
2021-10-01,therapeutics,small_0.3_to_2,290
2021-10-01,therapeutics,unknown,1
2021-10-01,tools,large_10_to_25,9
2021-10-01,tools,mega_over_25,6
2021-10-01,tools,micro_under_0.3,4
2021-10-01,tools,mid_2_to_10,8
2021-10-01,tools,small_0.3_to_2,9
2021-11-02,diagnostics,large_10_to_25,6
2021-11-02,diagnostics,mega_over_25,2
2021-11-02,diagnostics,micro_under_0.3,26
2021-11-02,diagnostics,mid_2_to_10,11
2021-11-02,diagnostics,small_0.3_to_2,18
2021-11-02,diagnostics,unknown,1
2021-11-02,medtech,large_10_to_25,12
2021-11-02,medtech,mega_over_25,15
2021-11-02,medtech,micro_under_0.3,79
2021-11-02,medtech,mid_2_to_10,31
2021-11-02,medtech,small_0.3_to_2,59
2021-11-02,services,large_10_to_25,4
2021-11-02,services,mega_over_25,1
2021-11-02,services,micro_under_0.3,1
2021-11-02,services,mid_2_to_10,2
2021-11-02,services,small_0.3_to_2,4
2021-11-02,software_data,mega_over_25,1
2021-11-02,software_data,mid_2_to_10,2
2021-11-02,software_data,small_0.3_to_2,1
2021-11-02,therapeutics,large_10_to_25,14
2021-11-02,therapeutics,mega_over_25,24
2021-11-02,therapeutics,micro_under_0.3,370
2021-11-02,therapeutics,mid_2_to_10,95
2021-11-02,therapeutics,small_0.3_to_2,298
2021-11-02,therapeutics,unknown,2
2021-11-02,tools,large_10_to_25,7
2021-11-02,tools,mega_over_25,7
2021-11-02,tools,micro_under_0.3,3
2021-11-02,tools,mid_2_to_10,11
2021-11-02,tools,small_0.3_to_2,8
2021-12-01,diagnostics,large_10_to_25,5
2021-12-01,diagnostics,mega_over_25,2
2021-12-01,diagnostics,micro_under_0.3,30
2021-12-01,diagnostics,mid_2_to_10,13
2021-12-01,diagnostics,small_0.3_to_2,15
2021-12-01,medtech,large_10_to_25,11
2021-12-01,medtech,mega_over_25,14
2021-12-01,medtech,micro_under_0.3,89
2021-12-01,medtech,mid_2_to_10,28
2021-12-01,medtech,small_0.3_to_2,59
2021-12-01,services,large_10_to_25,4
2021-12-01,services,mega_over_25,1
2021-12-01,services,micro_under_0.3,2
2021-12-01,services,mid_2_to_10,2
2021-12-01,services,small_0.3_to_2,3
2021-12-01,software_data,mega_over_25,1
2021-12-01,software_data,mid_2_to_10,2
2021-12-01,software_data,small_0.3_to_2,1
2021-12-01,therapeutics,large_10_to_25,10
2021-12-01,therapeutics,mega_over_25,23
2021-12-01,therapeutics,micro_under_0.3,403
2021-12-01,therapeutics,mid_2_to_10,83
2021-12-01,therapeutics,small_0.3_to_2,286
2021-12-01,tools,large_10_to_25,8
2021-12-01,tools,mega_over_25,6
2021-12-01,tools,micro_under_0.3,4
2021-12-01,tools,mid_2_to_10,9
2021-12-01,tools,small_0.3_to_2,9
2022-01-01,diagnostics,large_10_to_25,4
2022-01-01,diagnostics,mega_over_25,3
2022-01-01,diagnostics,micro_under_0.3,30
2022-01-01,diagnostics,mid_2_to_10,13
2022-01-01,diagnostics,small_0.3_to_2,15
2022-01-01,medtech,large_10_to_25,10
2022-01-01,medtech,mega_over_25,15
2022-01-01,medtech,micro_under_0.3,92
2022-01-01,medtech,mid_2_to_10,27
2022-01-01,medtech,small_0.3_to_2,57
2022-01-01,services,large_10_to_25,2
2022-01-01,services,mega_over_25,2
2022-01-01,services,micro_under_0.3,2
2022-01-01,services,mid_2_to_10,2
2022-01-01,services,small_0.3_to_2,3
2022-01-01,software_data,mega_over_25,1
2022-01-01,software_data,mid_2_to_10,2
2022-01-01,software_data,small_0.3_to_2,1
2022-01-01,therapeutics,large_10_to_25,11
2022-01-01,therapeutics,mega_over_25,23
2022-01-01,therapeutics,micro_under_0.3,424
2022-01-01,therapeutics,mid_2_to_10,77
2022-01-01,therapeutics,small_0.3_to_2,276
2022-01-01,tools,large_10_to_25,7
2022-01-01,tools,mega_over_25,7
2022-01-01,tools,micro_under_0.3,5
2022-01-01,tools,mid_2_to_10,10
2022-01-01,tools,small_0.3_to_2,8
2022-02-01,diagnostics,large_10_to_25,4
2022-02-01,diagnostics,mega_over_25,2
2022-02-01,diagnostics,micro_under_0.3,32
2022-02-01,diagnostics,mid_2_to_10,13
2022-02-01,diagnostics,small_0.3_to_2,14
2022-02-01,medtech,large_10_to_25,9
2022-02-01,medtech,mega_over_25,15
2022-02-01,medtech,micro_under_0.3,98
2022-02-01,medtech,mid_2_to_10,27
2022-02-01,medtech,small_0.3_to_2,53
2022-02-01,medtech,unknown,1
2022-02-01,services,large_10_to_25,3
2022-02-01,services,mega_over_25,1
2022-02-01,services,micro_under_0.3,2
2022-02-01,services,mid_2_to_10,2
2022-02-01,services,small_0.3_to_2,3
2022-02-01,software_data,mega_over_25,1
2022-02-01,software_data,mid_2_to_10,2
2022-02-01,software_data,small_0.3_to_2,1
2022-02-01,therapeutics,large_10_to_25,11
2022-02-01,therapeutics,mega_over_25,20
2022-02-01,therapeutics,micro_under_0.3,461
2022-02-01,therapeutics,mid_2_to_10,70
2022-02-01,therapeutics,small_0.3_to_2,254
2022-02-01,tools,large_10_to_25,8
2022-02-01,tools,mega_over_25,6
2022-02-01,tools,micro_under_0.3,6
2022-02-01,tools,mid_2_to_10,6
2022-02-01,tools,small_0.3_to_2,11
2022-03-01,diagnostics,large_10_to_25,4
2022-03-01,diagnostics,mega_over_25,2
2022-03-01,diagnostics,micro_under_0.3,33
2022-03-01,diagnostics,mid_2_to_10,9
2022-03-01,diagnostics,small_0.3_to_2,17
2022-03-01,medtech,large_10_to_25,8
2022-03-01,medtech,mega_over_25,15
2022-03-01,medtech,micro_under_0.3,103
2022-03-01,medtech,mid_2_to_10,29
2022-03-01,medtech,small_0.3_to_2,50
2022-03-01,services,large_10_to_25,3
2022-03-01,services,mega_over_25,1
2022-03-01,services,micro_under_0.3,2
2022-03-01,services,mid_2_to_10,2
2022-03-01,services,small_0.3_to_2,3
2022-03-01,software_data,mega_over_25,1
2022-03-01,software_data,mid_2_to_10,2
2022-03-01,software_data,small_0.3_to_2,1
2022-03-01,therapeutics,large_10_to_25,11
2022-03-01,therapeutics,mega_over_25,20
2022-03-01,therapeutics,micro_under_0.3,480
2022-03-01,therapeutics,mid_2_to_10,63
2022-03-01,therapeutics,small_0.3_to_2,249
2022-03-01,tools,large_10_to_25,6
2022-03-01,tools,mega_over_25,6
2022-03-01,tools,micro_under_0.3,6
2022-03-01,tools,mid_2_to_10,9
2022-03-01,tools,small_0.3_to_2,10
2022-04-01,diagnostics,large_10_to_25,5
2022-04-01,diagnostics,mega_over_25,1
2022-04-01,diagnostics,micro_under_0.3,34
2022-04-01,diagnostics,mid_2_to_10,7
2022-04-01,diagnostics,small_0.3_to_2,18
2022-04-01,medtech,large_10_to_25,8
2022-04-01,medtech,mega_over_25,15
2022-04-01,medtech,micro_under_0.3,104
2022-04-01,medtech,mid_2_to_10,29
2022-04-01,medtech,small_0.3_to_2,49
2022-04-01,services,large_10_to_25,3
2022-04-01,services,mega_over_25,1
2022-04-01,services,micro_under_0.3,2
2022-04-01,services,mid_2_to_10,2
2022-04-01,services,small_0.3_to_2,3
2022-04-01,software_data,mega_over_25,1
2022-04-01,software_data,mid_2_to_10,2
2022-04-01,software_data,small_0.3_to_2,1
2022-04-01,therapeutics,large_10_to_25,11
2022-04-01,therapeutics,mega_over_25,21
2022-04-01,therapeutics,micro_under_0.3,480
2022-04-01,therapeutics,mid_2_to_10,60
2022-04-01,therapeutics,small_0.3_to_2,248
2022-04-01,tools,large_10_to_25,5
2022-04-01,tools,mega_over_25,6
2022-04-01,tools,micro_under_0.3,6
2022-04-01,tools,mid_2_to_10,10
2022-04-01,tools,small_0.3_to_2,10
2022-05-03,diagnostics,large_10_to_25,5
2022-05-03,diagnostics,mega_over_25,1
2022-05-03,diagnostics,micro_under_0.3,37
2022-05-03,diagnostics,mid_2_to_10,6
2022-05-03,diagnostics,small_0.3_to_2,17
2022-05-03,medtech,large_10_to_25,9
2022-05-03,medtech,mega_over_25,13
2022-05-03,medtech,micro_under_0.3,110
2022-05-03,medtech,mid_2_to_10,30
2022-05-03,medtech,small_0.3_to_2,47
2022-05-03,services,large_10_to_25,3
2022-05-03,services,mega_over_25,1
2022-05-03,services,micro_under_0.3,2
2022-05-03,services,mid_2_to_10,2
2022-05-03,services,small_0.3_to_2,3
2022-05-03,software_data,mega_over_25,1
2022-05-03,software_data,mid_2_to_10,1
2022-05-03,software_data,small_0.3_to_2,2
2022-05-03,therapeutics,large_10_to_25,11
2022-05-03,therapeutics,mega_over_25,20
2022-05-03,therapeutics,micro_under_0.3,507
2022-05-03,therapeutics,mid_2_to_10,52
2022-05-03,therapeutics,small_0.3_to_2,233
2022-05-03,tools,large_10_to_25,5
2022-05-03,tools,mega_over_25,5
2022-05-03,tools,micro_under_0.3,6
2022-05-03,tools,mid_2_to_10,8
2022-05-03,tools,small_0.3_to_2,13
2022-06-01,diagnostics,large_10_to_25,4
2022-06-01,diagnostics,mega_over_25,1
2022-06-01,diagnostics,micro_under_0.3,39
2022-06-01,diagnostics,mid_2_to_10,6
2022-06-01,diagnostics,small_0.3_to_2,15
2022-06-01,medtech,large_10_to_25,9
2022-06-01,medtech,mega_over_25,13
2022-06-01,medtech,micro_under_0.3,111
2022-06-01,medtech,mid_2_to_10,27
2022-06-01,medtech,small_0.3_to_2,47
2022-06-01,services,large_10_to_25,3
2022-06-01,services,mega_over_25,1
2022-06-01,services,micro_under_0.3,2
2022-06-01,services,mid_2_to_10,2
2022-06-01,services,small_0.3_to_2,3
2022-06-01,software_data,mega_over_25,1
2022-06-01,software_data,mid_2_to_10,1
2022-06-01,software_data,small_0.3_to_2,2
2022-06-01,therapeutics,large_10_to_25,14
2022-06-01,therapeutics,mega_over_25,20
2022-06-01,therapeutics,micro_under_0.3,536
2022-06-01,therapeutics,mid_2_to_10,46
2022-06-01,therapeutics,small_0.3_to_2,211
2022-06-01,tools,large_10_to_25,5
2022-06-01,tools,mega_over_25,5
2022-06-01,tools,micro_under_0.3,6
2022-06-01,tools,mid_2_to_10,8
2022-06-01,tools,small_0.3_to_2,14
2022-07-01,diagnostics,large_10_to_25,4
2022-07-01,diagnostics,mega_over_25,1
2022-07-01,diagnostics,micro_under_0.3,40
2022-07-01,diagnostics,mid_2_to_10,6
2022-07-01,diagnostics,small_0.3_to_2,15
2022-07-01,medtech,large_10_to_25,10
2022-07-01,medtech,mega_over_25,12
2022-07-01,medtech,micro_under_0.3,113
2022-07-01,medtech,mid_2_to_10,26
2022-07-01,medtech,small_0.3_to_2,46
2022-07-01,services,large_10_to_25,3
2022-07-01,services,mega_over_25,1
2022-07-01,services,micro_under_0.3,3
2022-07-01,services,mid_2_to_10,2
2022-07-01,services,small_0.3_to_2,2
2022-07-01,software_data,mega_over_25,1
2022-07-01,software_data,mid_2_to_10,1
2022-07-01,software_data,small_0.3_to_2,2
2022-07-01,therapeutics,large_10_to_25,11
2022-07-01,therapeutics,mega_over_25,21
2022-07-01,therapeutics,micro_under_0.3,537
2022-07-01,therapeutics,mid_2_to_10,50
2022-07-01,therapeutics,small_0.3_to_2,207
2022-07-01,tools,large_10_to_25,5
2022-07-01,tools,mega_over_25,5
2022-07-01,tools,micro_under_0.3,6
2022-07-01,tools,mid_2_to_10,8
2022-07-01,tools,small_0.3_to_2,14
2022-08-02,diagnostics,large_10_to_25,4
2022-08-02,diagnostics,mega_over_25,1
2022-08-02,diagnostics,micro_under_0.3,41
2022-08-02,diagnostics,mid_2_to_10,7
2022-08-02,diagnostics,small_0.3_to_2,14
2022-08-02,medtech,large_10_to_25,10
2022-08-02,medtech,mega_over_25,12
2022-08-02,medtech,micro_under_0.3,112
2022-08-02,medtech,mid_2_to_10,29
2022-08-02,medtech,small_0.3_to_2,43
2022-08-02,services,large_10_to_25,3
2022-08-02,services,mega_over_25,1
2022-08-02,services,micro_under_0.3,2
2022-08-02,services,mid_2_to_10,2
2022-08-02,services,small_0.3_to_2,3
2022-08-02,software_data,mega_over_25,1
2022-08-02,software_data,mid_2_to_10,2
2022-08-02,software_data,small_0.3_to_2,1
2022-08-02,therapeutics,large_10_to_25,12
2022-08-02,therapeutics,mega_over_25,20
2022-08-02,therapeutics,micro_under_0.3,524
2022-08-02,therapeutics,mid_2_to_10,50
2022-08-02,therapeutics,small_0.3_to_2,217
2022-08-02,therapeutics,unknown,5
2022-08-02,tools,large_10_to_25,6
2022-08-02,tools,mega_over_25,6
2022-08-02,tools,micro_under_0.3,6
2022-08-02,tools,mid_2_to_10,7
2022-08-02,tools,small_0.3_to_2,13
2022-09-01,diagnostics,large_10_to_25,4
2022-09-01,diagnostics,mega_over_25,1
2022-09-01,diagnostics,micro_under_0.3,40
2022-09-01,diagnostics,mid_2_to_10,6
2022-09-01,diagnostics,small_0.3_to_2,15
2022-09-01,diagnostics,unknown,1
2022-09-01,medtech,large_10_to_25,11
2022-09-01,medtech,mega_over_25,12
2022-09-01,medtech,micro_under_0.3,111
2022-09-01,medtech,mid_2_to_10,27
2022-09-01,medtech,small_0.3_to_2,44
2022-09-01,medtech,unknown,2
2022-09-01,services,large_10_to_25,3
2022-09-01,services,mega_over_25,1
2022-09-01,services,micro_under_0.3,2
2022-09-01,services,mid_2_to_10,2
2022-09-01,services,small_0.3_to_2,3
2022-09-01,software_data,mega_over_25,1
2022-09-01,software_data,mid_2_to_10,1
2022-09-01,software_data,small_0.3_to_2,2
2022-09-01,therapeutics,large_10_to_25,13
2022-09-01,therapeutics,mega_over_25,20
2022-09-01,therapeutics,micro_under_0.3,498
2022-09-01,therapeutics,mid_2_to_10,56
2022-09-01,therapeutics,small_0.3_to_2,227
2022-09-01,therapeutics,unknown,8
2022-09-01,tools,large_10_to_25,6
2022-09-01,tools,mega_over_25,5
2022-09-01,tools,micro_under_0.3,7
2022-09-01,tools,mid_2_to_10,8
2022-09-01,tools,small_0.3_to_2,12
2022-10-01,diagnostics,large_10_to_25,3
2022-10-01,diagnostics,mega_over_25,1
2022-10-01,diagnostics,micro_under_0.3,43
2022-10-01,diagnostics,mid_2_to_10,6
2022-10-01,diagnostics,small_0.3_to_2,14
2022-10-01,medtech,large_10_to_25,9
2022-10-01,medtech,mega_over_25,12
2022-10-01,medtech,micro_under_0.3,116
2022-10-01,medtech,mid_2_to_10,28
2022-10-01,medtech,small_0.3_to_2,43
2022-10-01,services,large_10_to_25,3
2022-10-01,services,mega_over_25,1
2022-10-01,services,micro_under_0.3,3
2022-10-01,services,mid_2_to_10,1
2022-10-01,services,small_0.3_to_2,4
2022-10-01,software_data,mega_over_25,1
2022-10-01,software_data,mid_2_to_10,1
2022-10-01,software_data,small_0.3_to_2,2
2022-10-01,therapeutics,large_10_to_25,11
2022-10-01,therapeutics,mega_over_25,21
2022-10-01,therapeutics,micro_under_0.3,509
2022-10-01,therapeutics,mid_2_to_10,58
2022-10-01,therapeutics,small_0.3_to_2,222
2022-10-01,tools,large_10_to_25,7
2022-10-01,tools,mega_over_25,4
2022-10-01,tools,micro_under_0.3,7
2022-10-01,tools,mid_2_to_10,7
2022-10-01,tools,small_0.3_to_2,13
2022-11-01,diagnostics,large_10_to_25,3
2022-11-01,diagnostics,mega_over_25,1
2022-11-01,diagnostics,micro_under_0.3,45
2022-11-01,diagnostics,mid_2_to_10,7
2022-11-01,diagnostics,small_0.3_to_2,13
2022-11-01,medtech,large_10_to_25,11
2022-11-01,medtech,mega_over_25,12
2022-11-01,medtech,micro_under_0.3,117
2022-11-01,medtech,mid_2_to_10,26
2022-11-01,medtech,small_0.3_to_2,44
2022-11-01,services,large_10_to_25,3
2022-11-01,services,mega_over_25,1
2022-11-01,services,micro_under_0.3,3
2022-11-01,services,mid_2_to_10,1
2022-11-01,services,small_0.3_to_2,4
2022-11-01,software_data,mega_over_25,1
2022-11-01,software_data,small_0.3_to_2,3
2022-11-01,therapeutics,large_10_to_25,10
2022-11-01,therapeutics,mega_over_25,22
2022-11-01,therapeutics,micro_under_0.3,511
2022-11-01,therapeutics,mid_2_to_10,57
2022-11-01,therapeutics,small_0.3_to_2,219
2022-11-01,therapeutics,unknown,2
2022-11-01,tools,large_10_to_25,6
2022-11-01,tools,mega_over_25,5
2022-11-01,tools,micro_under_0.3,6
2022-11-01,tools,mid_2_to_10,9
2022-11-01,tools,small_0.3_to_2,12
2022-12-01,diagnostics,large_10_to_25,4
2022-12-01,diagnostics,mega_over_25,1
2022-12-01,diagnostics,micro_under_0.3,44
2022-12-01,diagnostics,mid_2_to_10,5
2022-12-01,diagnostics,small_0.3_to_2,15
2022-12-01,medtech,large_10_to_25,9
2022-12-01,medtech,mega_over_25,13
2022-12-01,medtech,micro_under_0.3,117
2022-12-01,medtech,mid_2_to_10,29
2022-12-01,medtech,small_0.3_to_2,43
2022-12-01,services,large_10_to_25,2
2022-12-01,services,mega_over_25,1
2022-12-01,services,micro_under_0.3,4
2022-12-01,services,mid_2_to_10,3
2022-12-01,services,small_0.3_to_2,3
2022-12-01,software_data,mega_over_25,1
2022-12-01,software_data,mid_2_to_10,1
2022-12-01,software_data,small_0.3_to_2,2
2022-12-01,therapeutics,large_10_to_25,11
2022-12-01,therapeutics,mega_over_25,22
2022-12-01,therapeutics,micro_under_0.3,514
2022-12-01,therapeutics,mid_2_to_10,60
2022-12-01,therapeutics,small_0.3_to_2,217
2022-12-01,tools,large_10_to_25,5
2022-12-01,tools,mega_over_25,5
2022-12-01,tools,micro_under_0.3,8
2022-12-01,tools,mid_2_to_10,9
2022-12-01,tools,small_0.3_to_2,11
2023-01-04,diagnostics,large_10_to_25,4
2023-01-04,diagnostics,mega_over_25,1
2023-01-04,diagnostics,micro_under_0.3,45
2023-01-04,diagnostics,mid_2_to_10,5
2023-01-04,diagnostics,small_0.3_to_2,14
2023-01-04,medtech,large_10_to_25,8
2023-01-04,medtech,mega_over_25,13
2023-01-04,medtech,micro_under_0.3,118
2023-01-04,medtech,mid_2_to_10,28
2023-01-04,medtech,small_0.3_to_2,43
2023-01-04,services,large_10_to_25,2
2023-01-04,services,mega_over_25,1
2023-01-04,services,micro_under_0.3,4
2023-01-04,services,mid_2_to_10,3
2023-01-04,services,small_0.3_to_2,3
2023-01-04,software_data,large_10_to_25,1
2023-01-04,software_data,mid_2_to_10,1
2023-01-04,software_data,small_0.3_to_2,2
2023-01-04,therapeutics,large_10_to_25,11
2023-01-04,therapeutics,mega_over_25,23
2023-01-04,therapeutics,micro_under_0.3,518
2023-01-04,therapeutics,mid_2_to_10,57
2023-01-04,therapeutics,small_0.3_to_2,213
2023-01-04,tools,large_10_to_25,6
2023-01-04,tools,mega_over_25,5
2023-01-04,tools,micro_under_0.3,9
2023-01-04,tools,mid_2_to_10,7
2023-01-04,tools,small_0.3_to_2,11
2023-02-01,diagnostics,large_10_to_25,5
2023-02-01,diagnostics,mega_over_25,1
2023-02-01,diagnostics,micro_under_0.3,43
2023-02-01,diagnostics,mid_2_to_10,4
2023-02-01,diagnostics,small_0.3_to_2,15
2023-02-01,medtech,large_10_to_25,9
2023-02-01,medtech,mega_over_25,13
2023-02-01,medtech,micro_under_0.3,116
2023-02-01,medtech,mid_2_to_10,30
2023-02-01,medtech,small_0.3_to_2,43
2023-02-01,services,large_10_to_25,2
2023-02-01,services,mega_over_25,1
2023-02-01,services,micro_under_0.3,4
2023-02-01,services,mid_2_to_10,3
2023-02-01,services,small_0.3_to_2,3
2023-02-01,software_data,mega_over_25,1
2023-02-01,software_data,mid_2_to_10,1
2023-02-01,software_data,small_0.3_to_2,2
2023-02-01,therapeutics,large_10_to_25,9
2023-02-01,therapeutics,mega_over_25,25
2023-02-01,therapeutics,micro_under_0.3,500
2023-02-01,therapeutics,mid_2_to_10,64
2023-02-01,therapeutics,small_0.3_to_2,220
2023-02-01,tools,large_10_to_25,7
2023-02-01,tools,mega_over_25,5
2023-02-01,tools,micro_under_0.3,9
2023-02-01,tools,mid_2_to_10,7
2023-02-01,tools,small_0.3_to_2,10
2023-03-01,diagnostics,large_10_to_25,5
2023-03-01,diagnostics,mega_over_25,1
2023-03-01,diagnostics,micro_under_0.3,43
2023-03-01,diagnostics,mid_2_to_10,5
2023-03-01,diagnostics,small_0.3_to_2,13
2023-03-01,medtech,large_10_to_25,9
2023-03-01,medtech,mega_over_25,13
2023-03-01,medtech,micro_under_0.3,115
2023-03-01,medtech,mid_2_to_10,29
2023-03-01,medtech,small_0.3_to_2,44
2023-03-01,services,large_10_to_25,3
2023-03-01,services,mega_over_25,1
2023-03-01,services,micro_under_0.3,3
2023-03-01,services,mid_2_to_10,2
2023-03-01,services,small_0.3_to_2,4
2023-03-01,software_data,mega_over_25,1
2023-03-01,software_data,mid_2_to_10,1
2023-03-01,software_data,small_0.3_to_2,2
2023-03-01,therapeutics,large_10_to_25,11
2023-03-01,therapeutics,mega_over_25,22
2023-03-01,therapeutics,micro_under_0.3,514
2023-03-01,therapeutics,mid_2_to_10,62
2023-03-01,therapeutics,small_0.3_to_2,209
2023-03-01,therapeutics,unknown,2
2023-03-01,tools,large_10_to_25,6
2023-03-01,tools,mega_over_25,5
2023-03-01,tools,micro_under_0.3,10
2023-03-01,tools,mid_2_to_10,8
2023-03-01,tools,small_0.3_to_2,9
2023-04-01,diagnostics,large_10_to_25,5
2023-04-01,diagnostics,mega_over_25,1
2023-04-01,diagnostics,micro_under_0.3,45
2023-04-01,diagnostics,mid_2_to_10,5
2023-04-01,diagnostics,small_0.3_to_2,11
2023-04-01,medtech,large_10_to_25,9
2023-04-01,medtech,mega_over_25,14
2023-04-01,medtech,micro_under_0.3,114
2023-04-01,medtech,mid_2_to_10,26
2023-04-01,medtech,small_0.3_to_2,45
2023-04-01,medtech,unknown,1
2023-04-01,services,large_10_to_25,3
2023-04-01,services,mega_over_25,1
2023-04-01,services,micro_under_0.3,4
2023-04-01,services,mid_2_to_10,2
2023-04-01,services,small_0.3_to_2,3
2023-04-01,software_data,mega_over_25,1
2023-04-01,software_data,mid_2_to_10,1
2023-04-01,software_data,small_0.3_to_2,2
2023-04-01,therapeutics,large_10_to_25,11
2023-04-01,therapeutics,mega_over_25,21
2023-04-01,therapeutics,micro_under_0.3,520
2023-04-01,therapeutics,mid_2_to_10,57
2023-04-01,therapeutics,small_0.3_to_2,197
2023-04-01,therapeutics,unknown,8
2023-04-01,tools,large_10_to_25,5
2023-04-01,tools,mega_over_25,6
2023-04-01,tools,micro_under_0.3,10
2023-04-01,tools,mid_2_to_10,8
2023-04-01,tools,small_0.3_to_2,9
2023-05-02,diagnostics,large_10_to_25,5
2023-05-02,diagnostics,mega_over_25,1
2023-05-02,diagnostics,micro_under_0.3,43
2023-05-02,diagnostics,mid_2_to_10,4
2023-05-02,diagnostics,small_0.3_to_2,12
2023-05-02,medtech,large_10_to_25,11
2023-05-02,medtech,mega_over_25,13
2023-05-02,medtech,micro_under_0.3,113
2023-05-02,medtech,mid_2_to_10,26
2023-05-02,medtech,small_0.3_to_2,42
2023-05-02,medtech,unknown,2
2023-05-02,services,large_10_to_25,1
2023-05-02,services,mega_over_25,1
2023-05-02,services,micro_under_0.3,5
2023-05-02,services,mid_2_to_10,4
2023-05-02,services,small_0.3_to_2,2
2023-05-02,software_data,mega_over_25,1
2023-05-02,software_data,mid_2_to_10,2
2023-05-02,software_data,small_0.3_to_2,1
2023-05-02,therapeutics,large_10_to_25,10
2023-05-02,therapeutics,mega_over_25,25
2023-05-02,therapeutics,micro_under_0.3,511
2023-05-02,therapeutics,mid_2_to_10,61
2023-05-02,therapeutics,small_0.3_to_2,194
2023-05-02,therapeutics,unknown,8
2023-05-02,tools,large_10_to_25,5
2023-05-02,tools,mega_over_25,6
2023-05-02,tools,micro_under_0.3,11
2023-05-02,tools,mid_2_to_10,8
2023-05-02,tools,small_0.3_to_2,8
2023-06-01,diagnostics,large_10_to_25,4
2023-06-01,diagnostics,mega_over_25,1
2023-06-01,diagnostics,micro_under_0.3,41
2023-06-01,diagnostics,mid_2_to_10,5
2023-06-01,diagnostics,small_0.3_to_2,10
2023-06-01,diagnostics,unknown,3
2023-06-01,medtech,large_10_to_25,11
2023-06-01,medtech,mega_over_25,13
2023-06-01,medtech,micro_under_0.3,114
2023-06-01,medtech,mid_2_to_10,25
2023-06-01,medtech,small_0.3_to_2,39
2023-06-01,medtech,unknown,6
2023-06-01,services,large_10_to_25,1
2023-06-01,services,mega_over_25,1
2023-06-01,services,micro_under_0.3,3
2023-06-01,services,mid_2_to_10,4
2023-06-01,services,small_0.3_to_2,4
2023-06-01,software_data,mega_over_25,1
2023-06-01,software_data,mid_2_to_10,2
2023-06-01,software_data,small_0.3_to_2,1
2023-06-01,therapeutics,large_10_to_25,11
2023-06-01,therapeutics,mega_over_25,21
2023-06-01,therapeutics,micro_under_0.3,490
2023-06-01,therapeutics,mid_2_to_10,73
2023-06-01,therapeutics,small_0.3_to_2,202
2023-06-01,therapeutics,unknown,7
2023-06-01,tools,large_10_to_25,7
2023-06-01,tools,mega_over_25,5
2023-06-01,tools,micro_under_0.3,11
2023-06-01,tools,mid_2_to_10,8
2023-06-01,tools,small_0.3_to_2,8
2023-07-01,diagnostics,large_10_to_25,4
2023-07-01,diagnostics,mega_over_25,1
2023-07-01,diagnostics,micro_under_0.3,44
2023-07-01,diagnostics,mid_2_to_10,5
2023-07-01,diagnostics,small_0.3_to_2,9
2023-07-01,diagnostics,unknown,1
2023-07-01,medtech,large_10_to_25,9
2023-07-01,medtech,mega_over_25,14
2023-07-01,medtech,micro_under_0.3,115
2023-07-01,medtech,mid_2_to_10,27
2023-07-01,medtech,small_0.3_to_2,42
2023-07-01,medtech,unknown,1
2023-07-01,services,large_10_to_25,2
2023-07-01,services,mega_over_25,1
2023-07-01,services,micro_under_0.3,3
2023-07-01,services,mid_2_to_10,3
2023-07-01,services,small_0.3_to_2,4
2023-07-01,software_data,mega_over_25,1
2023-07-01,software_data,mid_2_to_10,2
2023-07-01,software_data,small_0.3_to_2,1
2023-07-01,therapeutics,large_10_to_25,13
2023-07-01,therapeutics,mega_over_25,22
2023-07-01,therapeutics,micro_under_0.3,500
2023-07-01,therapeutics,mid_2_to_10,66
2023-07-01,therapeutics,small_0.3_to_2,197
2023-07-01,therapeutics,unknown,4
2023-07-01,tools,large_10_to_25,6
2023-07-01,tools,mega_over_25,6
2023-07-01,tools,micro_under_0.3,10
2023-07-01,tools,mid_2_to_10,8
2023-07-01,tools,small_0.3_to_2,8
2023-08-01,diagnostics,large_10_to_25,4
2023-08-01,diagnostics,mega_over_25,1
2023-08-01,diagnostics,micro_under_0.3,44
2023-08-01,diagnostics,mid_2_to_10,5
2023-08-01,diagnostics,small_0.3_to_2,10
2023-08-01,medtech,large_10_to_25,8
2023-08-01,medtech,mega_over_25,14
2023-08-01,medtech,micro_under_0.3,112
2023-08-01,medtech,mid_2_to_10,29
2023-08-01,medtech,small_0.3_to_2,42
2023-08-01,medtech,unknown,2
2023-08-01,services,large_10_to_25,2
2023-08-01,services,mega_over_25,1
2023-08-01,services,micro_under_0.3,3
2023-08-01,services,mid_2_to_10,3
2023-08-01,services,small_0.3_to_2,4
2023-08-01,services,unknown,1
2023-08-01,software_data,mega_over_25,1
2023-08-01,software_data,mid_2_to_10,2
2023-08-01,software_data,small_0.3_to_2,1
2023-08-01,therapeutics,large_10_to_25,11
2023-08-01,therapeutics,mega_over_25,22
2023-08-01,therapeutics,micro_under_0.3,502
2023-08-01,therapeutics,mid_2_to_10,67
2023-08-01,therapeutics,small_0.3_to_2,188
2023-08-01,therapeutics,unknown,8
2023-08-01,tools,large_10_to_25,6
2023-08-01,tools,mega_over_25,6
2023-08-01,tools,micro_under_0.3,8
2023-08-01,tools,mid_2_to_10,8
2023-08-01,tools,small_0.3_to_2,10
2023-09-01,diagnostics,large_10_to_25,4
2023-09-01,diagnostics,mega_over_25,1
2023-09-01,diagnostics,micro_under_0.3,44
2023-09-01,diagnostics,mid_2_to_10,4
2023-09-01,diagnostics,small_0.3_to_2,11
2023-09-01,diagnostics,unknown,1
2023-09-01,medtech,large_10_to_25,10
2023-09-01,medtech,mega_over_25,12
2023-09-01,medtech,micro_under_0.3,119
2023-09-01,medtech,mid_2_to_10,27
2023-09-01,medtech,small_0.3_to_2,36
2023-09-01,medtech,unknown,5
2023-09-01,services,large_10_to_25,2
2023-09-01,services,mega_over_25,1
2023-09-01,services,micro_under_0.3,4
2023-09-01,services,mid_2_to_10,3
2023-09-01,services,small_0.3_to_2,3
2023-09-01,services,unknown,1
2023-09-01,software_data,mega_over_25,1
2023-09-01,software_data,mid_2_to_10,2
2023-09-01,software_data,small_0.3_to_2,1
2023-09-01,therapeutics,large_10_to_25,12
2023-09-01,therapeutics,mega_over_25,23
2023-09-01,therapeutics,micro_under_0.3,501
2023-09-01,therapeutics,mid_2_to_10,55
2023-09-01,therapeutics,small_0.3_to_2,191
2023-09-01,therapeutics,unknown,8
2023-09-01,tools,large_10_to_25,5
2023-09-01,tools,mega_over_25,6
2023-09-01,tools,micro_under_0.3,11
2023-09-01,tools,mid_2_to_10,8
2023-09-01,tools,small_0.3_to_2,8
2023-10-03,diagnostics,large_10_to_25,3
2023-10-03,diagnostics,mega_over_25,1
2023-10-03,diagnostics,micro_under_0.3,46
2023-10-03,diagnostics,mid_2_to_10,5
2023-10-03,diagnostics,small_0.3_to_2,9
2023-10-03,medtech,large_10_to_25,10
2023-10-03,medtech,mega_over_25,11
2023-10-03,medtech,micro_under_0.3,127
2023-10-03,medtech,mid_2_to_10,24
2023-10-03,medtech,small_0.3_to_2,34
2023-10-03,medtech,unknown,3
2023-10-03,services,large_10_to_25,1
2023-10-03,services,mega_over_25,1
2023-10-03,services,micro_under_0.3,5
2023-10-03,services,mid_2_to_10,5
2023-10-03,services,small_0.3_to_2,2
2023-10-03,software_data,mega_over_25,1
2023-10-03,software_data,mid_2_to_10,1
2023-10-03,software_data,small_0.3_to_2,2
2023-10-03,therapeutics,large_10_to_25,12
2023-10-03,therapeutics,mega_over_25,23
2023-10-03,therapeutics,micro_under_0.3,524
2023-10-03,therapeutics,mid_2_to_10,49
2023-10-03,therapeutics,small_0.3_to_2,176
2023-10-03,therapeutics,unknown,6
2023-10-03,tools,large_10_to_25,7
2023-10-03,tools,mega_over_25,4
2023-10-03,tools,micro_under_0.3,11
2023-10-03,tools,mid_2_to_10,8
2023-10-03,tools,small_0.3_to_2,8
2023-11-01,diagnostics,large_10_to_25,3
2023-11-01,diagnostics,mega_over_25,1
2023-11-01,diagnostics,micro_under_0.3,46
2023-11-01,diagnostics,mid_2_to_10,5
2023-11-01,diagnostics,small_0.3_to_2,8
2023-11-01,medtech,large_10_to_25,8
2023-11-01,medtech,mega_over_25,11
2023-11-01,medtech,micro_under_0.3,132
2023-11-01,medtech,mid_2_to_10,25
2023-11-01,medtech,small_0.3_to_2,29
2023-11-01,medtech,unknown,2
2023-11-01,services,large_10_to_25,1
2023-11-01,services,mega_over_25,1
2023-11-01,services,micro_under_0.3,4
2023-11-01,services,mid_2_to_10,5
2023-11-01,services,small_0.3_to_2,2
2023-11-01,software_data,mega_over_25,1
2023-11-01,software_data,small_0.3_to_2,3
2023-11-01,therapeutics,large_10_to_25,11
2023-11-01,therapeutics,mega_over_25,21
2023-11-01,therapeutics,micro_under_0.3,529
2023-11-01,therapeutics,mid_2_to_10,48
2023-11-01,therapeutics,small_0.3_to_2,172
2023-11-01,therapeutics,unknown,3
2023-11-01,tools,large_10_to_25,6
2023-11-01,tools,mega_over_25,3
2023-11-01,tools,micro_under_0.3,11
2023-11-01,tools,mid_2_to_10,9
2023-11-01,tools,small_0.3_to_2,9
2023-12-01,diagnostics,large_10_to_25,3
2023-12-01,diagnostics,mega_over_25,1
2023-12-01,diagnostics,micro_under_0.3,43
2023-12-01,diagnostics,mid_2_to_10,6
2023-12-01,diagnostics,small_0.3_to_2,8
2023-12-01,medtech,large_10_to_25,11
2023-12-01,medtech,mega_over_25,11
2023-12-01,medtech,micro_under_0.3,123
2023-12-01,medtech,mid_2_to_10,22
2023-12-01,medtech,small_0.3_to_2,38
2023-12-01,medtech,unknown,2
2023-12-01,services,large_10_to_25,2
2023-12-01,services,mega_over_25,1
2023-12-01,services,micro_under_0.3,5
2023-12-01,services,mid_2_to_10,4
2023-12-01,services,small_0.3_to_2,2
2023-12-01,software_data,mega_over_25,1
2023-12-01,software_data,mid_2_to_10,2
2023-12-01,software_data,small_0.3_to_2,1
2023-12-01,therapeutics,large_10_to_25,13
2023-12-01,therapeutics,mega_over_25,20
2023-12-01,therapeutics,micro_under_0.3,511
2023-12-01,therapeutics,mid_2_to_10,58
2023-12-01,therapeutics,small_0.3_to_2,173
2023-12-01,therapeutics,unknown,4
2023-12-01,tools,large_10_to_25,5
2023-12-01,tools,mega_over_25,4
2023-12-01,tools,micro_under_0.3,11
2023-12-01,tools,mid_2_to_10,10
2023-12-01,tools,small_0.3_to_2,8
2024-01-03,diagnostics,large_10_to_25,3
2024-01-03,diagnostics,mega_over_25,1
2024-01-03,diagnostics,micro_under_0.3,43
2024-01-03,diagnostics,mid_2_to_10,8
2024-01-03,diagnostics,small_0.3_to_2,6
2024-01-03,medtech,large_10_to_25,9
2024-01-03,medtech,mega_over_25,13
2024-01-03,medtech,micro_under_0.3,114
2024-01-03,medtech,mid_2_to_10,24
2024-01-03,medtech,small_0.3_to_2,44
2024-01-03,medtech,unknown,2
2024-01-03,services,large_10_to_25,2
2024-01-03,services,mega_over_25,1
2024-01-03,services,micro_under_0.3,5
2024-01-03,services,mid_2_to_10,4
2024-01-03,services,small_0.3_to_2,2
2024-01-03,software_data,mega_over_25,1
2024-01-03,software_data,mid_2_to_10,2
2024-01-03,software_data,small_0.3_to_2,1
2024-01-03,therapeutics,large_10_to_25,12
2024-01-03,therapeutics,mega_over_25,20
2024-01-03,therapeutics,micro_under_0.3,481
2024-01-03,therapeutics,mid_2_to_10,67
2024-01-03,therapeutics,small_0.3_to_2,190
2024-01-03,therapeutics,unknown,4
2024-01-03,tools,large_10_to_25,7
2024-01-03,tools,mega_over_25,5
2024-01-03,tools,micro_under_0.3,11
2024-01-03,tools,mid_2_to_10,6
2024-01-03,tools,small_0.3_to_2,8
2024-02-01,diagnostics,large_10_to_25,3
2024-02-01,diagnostics,mega_over_25,1
2024-02-01,diagnostics,micro_under_0.3,40
2024-02-01,diagnostics,mid_2_to_10,6
2024-02-01,diagnostics,small_0.3_to_2,9
2024-02-01,medtech,large_10_to_25,9
2024-02-01,medtech,mega_over_25,13
2024-02-01,medtech,micro_under_0.3,118
2024-02-01,medtech,mid_2_to_10,24
2024-02-01,medtech,small_0.3_to_2,41
2024-02-01,medtech,unknown,1
2024-02-01,services,large_10_to_25,2
2024-02-01,services,mega_over_25,1
2024-02-01,services,micro_under_0.3,5
2024-02-01,services,mid_2_to_10,4
2024-02-01,services,small_0.3_to_2,2
2024-02-01,software_data,mega_over_25,1
2024-02-01,software_data,mid_2_to_10,1
2024-02-01,software_data,small_0.3_to_2,2
2024-02-01,therapeutics,large_10_to_25,15
2024-02-01,therapeutics,mega_over_25,19
2024-02-01,therapeutics,micro_under_0.3,483
2024-02-01,therapeutics,mid_2_to_10,68
2024-02-01,therapeutics,small_0.3_to_2,184
2024-02-01,therapeutics,unknown,6
2024-02-01,tools,large_10_to_25,6
2024-02-01,tools,mega_over_25,5
2024-02-01,tools,micro_under_0.3,11
2024-02-01,tools,mid_2_to_10,6
2024-02-01,tools,small_0.3_to_2,8
2024-03-01,diagnostics,large_10_to_25,4
2024-03-01,diagnostics,mega_over_25,1
2024-03-01,diagnostics,micro_under_0.3,40
2024-03-01,diagnostics,mid_2_to_10,5
2024-03-01,diagnostics,small_0.3_to_2,8
2024-03-01,medtech,large_10_to_25,9
2024-03-01,medtech,mega_over_25,13
2024-03-01,medtech,micro_under_0.3,117
2024-03-01,medtech,mid_2_to_10,22
2024-03-01,medtech,small_0.3_to_2,45
2024-03-01,medtech,unknown,2
2024-03-01,services,large_10_to_25,3
2024-03-01,services,mega_over_25,2
2024-03-01,services,micro_under_0.3,5
2024-03-01,services,mid_2_to_10,2
2024-03-01,services,small_0.3_to_2,2
2024-03-01,software_data,mega_over_25,1
2024-03-01,software_data,mid_2_to_10,1
2024-03-01,software_data,small_0.3_to_2,2
2024-03-01,therapeutics,large_10_to_25,16
2024-03-01,therapeutics,mega_over_25,19
2024-03-01,therapeutics,micro_under_0.3,458
2024-03-01,therapeutics,mid_2_to_10,73
2024-03-01,therapeutics,small_0.3_to_2,204
2024-03-01,therapeutics,unknown,1
2024-03-01,tools,large_10_to_25,7
2024-03-01,tools,mega_over_25,5
2024-03-01,tools,micro_under_0.3,10
2024-03-01,tools,mid_2_to_10,6
2024-03-01,tools,small_0.3_to_2,8
2024-04-02,diagnostics,large_10_to_25,4
2024-04-02,diagnostics,mega_over_25,1
2024-04-02,diagnostics,micro_under_0.3,37
2024-04-02,diagnostics,mid_2_to_10,6
2024-04-02,diagnostics,small_0.3_to_2,8
2024-04-02,medtech,large_10_to_25,10
2024-04-02,medtech,mega_over_25,13
2024-04-02,medtech,micro_under_0.3,118
2024-04-02,medtech,mid_2_to_10,22
2024-04-02,medtech,small_0.3_to_2,45
2024-04-02,medtech,unknown,2
2024-04-02,services,large_10_to_25,3
2024-04-02,services,mega_over_25,2
2024-04-02,services,micro_under_0.3,5
2024-04-02,services,mid_2_to_10,2
2024-04-02,services,small_0.3_to_2,2
2024-04-02,software_data,mega_over_25,1
2024-04-02,software_data,mid_2_to_10,1
2024-04-02,software_data,small_0.3_to_2,2
2024-04-02,therapeutics,large_10_to_25,15
2024-04-02,therapeutics,mega_over_25,19
2024-04-02,therapeutics,micro_under_0.3,445
2024-04-02,therapeutics,mid_2_to_10,74
2024-04-02,therapeutics,small_0.3_to_2,206
2024-04-02,therapeutics,unknown,2
2024-04-02,tools,large_10_to_25,7
2024-04-02,tools,mega_over_25,5
2024-04-02,tools,micro_under_0.3,9
2024-04-02,tools,mid_2_to_10,7
2024-04-02,tools,small_0.3_to_2,8
2024-05-01,diagnostics,large_10_to_25,4
2024-05-01,diagnostics,mega_over_25,1
2024-05-01,diagnostics,micro_under_0.3,37
2024-05-01,diagnostics,mid_2_to_10,5
2024-05-01,diagnostics,small_0.3_to_2,9
2024-05-01,medtech,large_10_to_25,11
2024-05-01,medtech,mega_over_25,12
2024-05-01,medtech,micro_under_0.3,121
2024-05-01,medtech,mid_2_to_10,24
2024-05-01,medtech,small_0.3_to_2,38
2024-05-01,medtech,unknown,1
2024-05-01,services,large_10_to_25,4
2024-05-01,services,mega_over_25,1
2024-05-01,services,micro_under_0.3,5
2024-05-01,services,mid_2_to_10,2
2024-05-01,services,small_0.3_to_2,2
2024-05-01,software_data,mega_over_25,1
2024-05-01,software_data,mid_2_to_10,1
2024-05-01,software_data,small_0.3_to_2,2
2024-05-01,therapeutics,large_10_to_25,14
2024-05-01,therapeutics,mega_over_25,19
2024-05-01,therapeutics,micro_under_0.3,456
2024-05-01,therapeutics,mid_2_to_10,68
2024-05-01,therapeutics,small_0.3_to_2,198
2024-05-01,therapeutics,unknown,1
2024-05-01,tools,large_10_to_25,5
2024-05-01,tools,mega_over_25,5
2024-05-01,tools,micro_under_0.3,9
2024-05-01,tools,mid_2_to_10,8
2024-05-01,tools,small_0.3_to_2,9
2024-06-01,diagnostics,large_10_to_25,3
2024-06-01,diagnostics,mega_over_25,1
2024-06-01,diagnostics,micro_under_0.3,37
2024-06-01,diagnostics,mid_2_to_10,7
2024-06-01,diagnostics,small_0.3_to_2,7
2024-06-01,medtech,large_10_to_25,11
2024-06-01,medtech,mega_over_25,12
2024-06-01,medtech,micro_under_0.3,124
2024-06-01,medtech,mid_2_to_10,27
2024-06-01,medtech,small_0.3_to_2,32
2024-06-01,medtech,unknown,1
2024-06-01,services,large_10_to_25,2
2024-06-01,services,mega_over_25,2
2024-06-01,services,micro_under_0.3,5
2024-06-01,services,mid_2_to_10,3
2024-06-01,services,small_0.3_to_2,2
2024-06-01,software_data,mega_over_25,1
2024-06-01,software_data,mid_2_to_10,1
2024-06-01,software_data,small_0.3_to_2,2
2024-06-01,therapeutics,large_10_to_25,14
2024-06-01,therapeutics,mega_over_25,19
2024-06-01,therapeutics,micro_under_0.3,448
2024-06-01,therapeutics,mid_2_to_10,71
2024-06-01,therapeutics,small_0.3_to_2,196
2024-06-01,therapeutics,unknown,1
2024-06-01,tools,large_10_to_25,6
2024-06-01,tools,mega_over_25,4
2024-06-01,tools,micro_under_0.3,10
2024-06-01,tools,mid_2_to_10,9
2024-06-01,tools,small_0.3_to_2,7
2024-07-02,diagnostics,large_10_to_25,3
2024-07-02,diagnostics,mega_over_25,1
2024-07-02,diagnostics,micro_under_0.3,35
2024-07-02,diagnostics,mid_2_to_10,8
2024-07-02,diagnostics,small_0.3_to_2,8
2024-07-02,medtech,large_10_to_25,9
2024-07-02,medtech,mega_over_25,12
2024-07-02,medtech,micro_under_0.3,123
2024-07-02,medtech,mid_2_to_10,27
2024-07-02,medtech,small_0.3_to_2,32
2024-07-02,medtech,unknown,1
2024-07-02,services,large_10_to_25,3
2024-07-02,services,mega_over_25,2
2024-07-02,services,micro_under_0.3,5
2024-07-02,services,mid_2_to_10,2
2024-07-02,services,small_0.3_to_2,2
2024-07-02,software_data,mega_over_25,1
2024-07-02,software_data,mid_2_to_10,1
2024-07-02,software_data,small_0.3_to_2,2
2024-07-02,therapeutics,large_10_to_25,12
2024-07-02,therapeutics,mega_over_25,21
2024-07-02,therapeutics,micro_under_0.3,459
2024-07-02,therapeutics,mid_2_to_10,65
2024-07-02,therapeutics,small_0.3_to_2,186
2024-07-02,therapeutics,unknown,2
2024-07-02,tools,large_10_to_25,6
2024-07-02,tools,mega_over_25,4
2024-07-02,tools,micro_under_0.3,10
2024-07-02,tools,mid_2_to_10,8
2024-07-02,tools,small_0.3_to_2,8
2024-08-01,diagnostics,large_10_to_25,4
2024-08-01,diagnostics,mega_over_25,1
2024-08-01,diagnostics,micro_under_0.3,35
2024-08-01,diagnostics,mid_2_to_10,8
2024-08-01,diagnostics,small_0.3_to_2,7
2024-08-01,medtech,large_10_to_25,10
2024-08-01,medtech,mega_over_25,13
2024-08-01,medtech,micro_under_0.3,119
2024-08-01,medtech,mid_2_to_10,24
2024-08-01,medtech,small_0.3_to_2,35
2024-08-01,medtech,unknown,1
2024-08-01,services,large_10_to_25,3
2024-08-01,services,mega_over_25,2
2024-08-01,services,micro_under_0.3,5
2024-08-01,services,mid_2_to_10,2
2024-08-01,services,small_0.3_to_2,2
2024-08-01,software_data,mega_over_25,1
2024-08-01,software_data,mid_2_to_10,1
2024-08-01,software_data,small_0.3_to_2,2
2024-08-01,therapeutics,large_10_to_25,14
2024-08-01,therapeutics,mega_over_25,21
2024-08-01,therapeutics,micro_under_0.3,448
2024-08-01,therapeutics,mid_2_to_10,71
2024-08-01,therapeutics,small_0.3_to_2,188
2024-08-01,therapeutics,unknown,1
2024-08-01,tools,large_10_to_25,6
2024-08-01,tools,mega_over_25,4
2024-08-01,tools,micro_under_0.3,10
2024-08-01,tools,mid_2_to_10,8
2024-08-01,tools,small_0.3_to_2,7
2024-09-04,diagnostics,large_10_to_25,5
2024-09-04,diagnostics,mega_over_25,1
2024-09-04,diagnostics,micro_under_0.3,33
2024-09-04,diagnostics,mid_2_to_10,8
2024-09-04,diagnostics,small_0.3_to_2,6
2024-09-04,medtech,large_10_to_25,10
2024-09-04,medtech,mega_over_25,13
2024-09-04,medtech,micro_under_0.3,118
2024-09-04,medtech,mid_2_to_10,23
2024-09-04,medtech,small_0.3_to_2,35
2024-09-04,medtech,unknown,1
2024-09-04,services,large_10_to_25,2
2024-09-04,services,mega_over_25,2
2024-09-04,services,micro_under_0.3,5
2024-09-04,services,mid_2_to_10,2
2024-09-04,services,small_0.3_to_2,3
2024-09-04,software_data,mega_over_25,1
2024-09-04,software_data,small_0.3_to_2,3
2024-09-04,therapeutics,large_10_to_25,15
2024-09-04,therapeutics,mega_over_25,21
2024-09-04,therapeutics,micro_under_0.3,457
2024-09-04,therapeutics,mid_2_to_10,69
2024-09-04,therapeutics,small_0.3_to_2,181
2024-09-04,therapeutics,unknown,1
2024-09-04,tools,large_10_to_25,6
2024-09-04,tools,mega_over_25,4
2024-09-04,tools,micro_under_0.3,9
2024-09-04,tools,mid_2_to_10,8
2024-09-04,tools,small_0.3_to_2,8
2024-10-01,diagnostics,large_10_to_25,5
2024-10-01,diagnostics,mega_over_25,1
2024-10-01,diagnostics,micro_under_0.3,31
2024-10-01,diagnostics,mid_2_to_10,7
2024-10-01,diagnostics,small_0.3_to_2,8
2024-10-01,medtech,large_10_to_25,10
2024-10-01,medtech,mega_over_25,13
2024-10-01,medtech,micro_under_0.3,117
2024-10-01,medtech,mid_2_to_10,23
2024-10-01,medtech,small_0.3_to_2,36
2024-10-01,medtech,unknown,1
2024-10-01,services,large_10_to_25,4
2024-10-01,services,mega_over_25,1
2024-10-01,services,micro_under_0.3,4
2024-10-01,services,mid_2_to_10,1
2024-10-01,services,small_0.3_to_2,4
2024-10-01,software_data,mega_over_25,1
2024-10-01,software_data,small_0.3_to_2,3
2024-10-01,therapeutics,large_10_to_25,14
2024-10-01,therapeutics,mega_over_25,22
2024-10-01,therapeutics,micro_under_0.3,457
2024-10-01,therapeutics,mid_2_to_10,74
2024-10-01,therapeutics,small_0.3_to_2,176
2024-10-01,therapeutics,unknown,2
2024-10-01,tools,large_10_to_25,7
2024-10-01,tools,mega_over_25,4
2024-10-01,tools,micro_under_0.3,10
2024-10-01,tools,mid_2_to_10,7
2024-10-01,tools,small_0.3_to_2,7
2024-11-01,diagnostics,large_10_to_25,4
2024-11-01,diagnostics,mega_over_25,1
2024-11-01,diagnostics,micro_under_0.3,29
2024-11-01,diagnostics,mid_2_to_10,7
2024-11-01,diagnostics,small_0.3_to_2,9
2024-11-01,medtech,large_10_to_25,10
2024-11-01,medtech,mega_over_25,12
2024-11-01,medtech,micro_under_0.3,123
2024-11-01,medtech,mid_2_to_10,25
2024-11-01,medtech,small_0.3_to_2,32
2024-11-01,medtech,unknown,2
2024-11-01,services,large_10_to_25,2
2024-11-01,services,mega_over_25,1
2024-11-01,services,micro_under_0.3,4
2024-11-01,services,mid_2_to_10,3
2024-11-01,services,small_0.3_to_2,4
2024-11-01,software_data,mega_over_25,1
2024-11-01,software_data,small_0.3_to_2,3
2024-11-01,therapeutics,large_10_to_25,15
2024-11-01,therapeutics,mega_over_25,21
2024-11-01,therapeutics,micro_under_0.3,456
2024-11-01,therapeutics,mid_2_to_10,70
2024-11-01,therapeutics,small_0.3_to_2,177
2024-11-01,therapeutics,unknown,3
2024-11-01,tools,large_10_to_25,6
2024-11-01,tools,mega_over_25,4
2024-11-01,tools,micro_under_0.3,9
2024-11-01,tools,mid_2_to_10,6
2024-11-01,tools,small_0.3_to_2,10
2024-12-03,diagnostics,large_10_to_25,4
2024-12-03,diagnostics,mega_over_25,1
2024-12-03,diagnostics,micro_under_0.3,29
2024-12-03,diagnostics,mid_2_to_10,8
2024-12-03,diagnostics,small_0.3_to_2,8
2024-12-03,medtech,large_10_to_25,11
2024-12-03,medtech,mega_over_25,12
2024-12-03,medtech,micro_under_0.3,119
2024-12-03,medtech,mid_2_to_10,24
2024-12-03,medtech,small_0.3_to_2,34
2024-12-03,medtech,unknown,2
2024-12-03,services,large_10_to_25,4
2024-12-03,services,mega_over_25,1
2024-12-03,services,micro_under_0.3,4
2024-12-03,services,mid_2_to_10,1
2024-12-03,services,small_0.3_to_2,4
2024-12-03,software_data,mega_over_25,1
2024-12-03,software_data,small_0.3_to_2,3
2024-12-03,therapeutics,large_10_to_25,17
2024-12-03,therapeutics,mega_over_25,20
2024-12-03,therapeutics,micro_under_0.3,456
2024-12-03,therapeutics,mid_2_to_10,78
2024-12-03,therapeutics,small_0.3_to_2,173
2024-12-03,therapeutics,unknown,2
2024-12-03,tools,large_10_to_25,6
2024-12-03,tools,mega_over_25,4
2024-12-03,tools,micro_under_0.3,9
2024-12-03,tools,mid_2_to_10,6
2024-12-03,tools,small_0.3_to_2,10
2025-01-01,diagnostics,large_10_to_25,5
2025-01-01,diagnostics,mega_over_25,1
2025-01-01,diagnostics,micro_under_0.3,26
2025-01-01,diagnostics,mid_2_to_10,7
2025-01-01,diagnostics,small_0.3_to_2,9
2025-01-01,medtech,large_10_to_25,11
2025-01-01,medtech,mega_over_25,12
2025-01-01,medtech,micro_under_0.3,121
2025-01-01,medtech,mid_2_to_10,23
2025-01-01,medtech,small_0.3_to_2,34
2025-01-01,medtech,unknown,1
2025-01-01,services,large_10_to_25,2
2025-01-01,services,mega_over_25,1
2025-01-01,services,micro_under_0.3,4
2025-01-01,services,mid_2_to_10,2
2025-01-01,services,small_0.3_to_2,4
2025-01-01,software_data,mega_over_25,1
2025-01-01,software_data,small_0.3_to_2,3
2025-01-01,therapeutics,large_10_to_25,15
2025-01-01,therapeutics,mega_over_25,20
2025-01-01,therapeutics,micro_under_0.3,457
2025-01-01,therapeutics,mid_2_to_10,69
2025-01-01,therapeutics,small_0.3_to_2,175
2025-01-01,therapeutics,unknown,3
2025-01-01,tools,large_10_to_25,6
2025-01-01,tools,mega_over_25,4
2025-01-01,tools,micro_under_0.3,9
2025-01-01,tools,mid_2_to_10,6
2025-01-01,tools,small_0.3_to_2,11
2025-02-01,diagnostics,large_10_to_25,4
2025-02-01,diagnostics,mega_over_25,1
2025-02-01,diagnostics,micro_under_0.3,26
2025-02-01,diagnostics,mid_2_to_10,7
2025-02-01,diagnostics,small_0.3_to_2,10
2025-02-01,medtech,large_10_to_25,12
2025-02-01,medtech,mega_over_25,12
2025-02-01,medtech,micro_under_0.3,118
2025-02-01,medtech,mid_2_to_10,24
2025-02-01,medtech,small_0.3_to_2,36
2025-02-01,medtech,unknown,1
2025-02-01,services,large_10_to_25,2
2025-02-01,services,mega_over_25,1
2025-02-01,services,micro_under_0.3,3
2025-02-01,services,mid_2_to_10,2
2025-02-01,services,small_0.3_to_2,4
2025-02-01,software_data,mega_over_25,1
2025-02-01,software_data,mid_2_to_10,1
2025-02-01,software_data,small_0.3_to_2,2
2025-02-01,therapeutics,large_10_to_25,17
2025-02-01,therapeutics,mega_over_25,20
2025-02-01,therapeutics,micro_under_0.3,468
2025-02-01,therapeutics,mid_2_to_10,73
2025-02-01,therapeutics,small_0.3_to_2,161
2025-02-01,therapeutics,unknown,5
2025-02-01,tools,large_10_to_25,7
2025-02-01,tools,mega_over_25,4
2025-02-01,tools,micro_under_0.3,10
2025-02-01,tools,mid_2_to_10,5
2025-02-01,tools,small_0.3_to_2,10
2025-03-01,diagnostics,large_10_to_25,3
2025-03-01,diagnostics,mega_over_25,1
2025-03-01,diagnostics,micro_under_0.3,26
2025-03-01,diagnostics,mid_2_to_10,8
2025-03-01,diagnostics,small_0.3_to_2,10
2025-03-01,medtech,large_10_to_25,13
2025-03-01,medtech,mega_over_25,12
2025-03-01,medtech,micro_under_0.3,116
2025-03-01,medtech,mid_2_to_10,18
2025-03-01,medtech,small_0.3_to_2,40
2025-03-01,medtech,unknown,2
2025-03-01,services,large_10_to_25,1
2025-03-01,services,mega_over_25,1
2025-03-01,services,micro_under_0.3,3
2025-03-01,services,mid_2_to_10,3
2025-03-01,services,small_0.3_to_2,3
2025-03-01,software_data,mega_over_25,1
2025-03-01,software_data,small_0.3_to_2,3
2025-03-01,therapeutics,large_10_to_25,16
2025-03-01,therapeutics,mega_over_25,21
2025-03-01,therapeutics,micro_under_0.3,480
2025-03-01,therapeutics,mid_2_to_10,66
2025-03-01,therapeutics,small_0.3_to_2,155
2025-03-01,therapeutics,unknown,3
2025-03-01,tools,large_10_to_25,5
2025-03-01,tools,mega_over_25,4
2025-03-01,tools,micro_under_0.3,12
2025-03-01,tools,mid_2_to_10,6
2025-03-01,tools,small_0.3_to_2,9
2025-04-01,diagnostics,large_10_to_25,3
2025-04-01,diagnostics,mega_over_25,1
2025-04-01,diagnostics,micro_under_0.3,25
2025-04-01,diagnostics,mid_2_to_10,7
2025-04-01,diagnostics,small_0.3_to_2,11
2025-04-01,medtech,large_10_to_25,12
2025-04-01,medtech,mega_over_25,12
2025-04-01,medtech,micro_under_0.3,122
2025-04-01,medtech,mid_2_to_10,17
2025-04-01,medtech,small_0.3_to_2,39
2025-04-01,services,large_10_to_25,1
2025-04-01,services,mega_over_25,1
2025-04-01,services,micro_under_0.3,5
2025-04-01,services,mid_2_to_10,3
2025-04-01,services,small_0.3_to_2,1
2025-04-01,software_data,mega_over_25,1
2025-04-01,software_data,small_0.3_to_2,3
2025-04-01,therapeutics,large_10_to_25,18
2025-04-01,therapeutics,mega_over_25,20
2025-04-01,therapeutics,micro_under_0.3,484
2025-04-01,therapeutics,mid_2_to_10,61
2025-04-01,therapeutics,small_0.3_to_2,152
2025-04-01,tools,large_10_to_25,6
2025-04-01,tools,mega_over_25,3
2025-04-01,tools,micro_under_0.3,13
2025-04-01,tools,mid_2_to_10,6
2025-04-01,tools,small_0.3_to_2,8
2025-05-01,diagnostics,large_10_to_25,3
2025-05-01,diagnostics,mega_over_25,1
2025-05-01,diagnostics,micro_under_0.3,23
2025-05-01,diagnostics,mid_2_to_10,6
2025-05-01,diagnostics,small_0.3_to_2,13
2025-05-01,medtech,large_10_to_25,11
2025-05-01,medtech,mega_over_25,12
2025-05-01,medtech,micro_under_0.3,121
2025-05-01,medtech,mid_2_to_10,19
2025-05-01,medtech,small_0.3_to_2,37
2025-05-01,services,large_10_to_25,1
2025-05-01,services,mega_over_25,1
2025-05-01,services,micro_under_0.3,5
2025-05-01,services,mid_2_to_10,3
2025-05-01,services,small_0.3_to_2,1
2025-05-01,software_data,mega_over_25,1
2025-05-01,software_data,mid_2_to_10,1
2025-05-01,software_data,small_0.3_to_2,2
2025-05-01,therapeutics,large_10_to_25,15
2025-05-01,therapeutics,mega_over_25,20
2025-05-01,therapeutics,micro_under_0.3,471
2025-05-01,therapeutics,mid_2_to_10,65
2025-05-01,therapeutics,small_0.3_to_2,156
2025-05-01,tools,large_10_to_25,5
2025-05-01,tools,mega_over_25,3
2025-05-01,tools,micro_under_0.3,12
2025-05-01,tools,mid_2_to_10,7
2025-05-01,tools,small_0.3_to_2,9
2025-06-03,diagnostics,large_10_to_25,5
2025-06-03,diagnostics,mega_over_25,1
2025-06-03,diagnostics,micro_under_0.3,23
2025-06-03,diagnostics,mid_2_to_10,5
2025-06-03,diagnostics,small_0.3_to_2,12
2025-06-03,medtech,large_10_to_25,10
2025-06-03,medtech,mega_over_25,12
2025-06-03,medtech,micro_under_0.3,119
2025-06-03,medtech,mid_2_to_10,18
2025-06-03,medtech,small_0.3_to_2,39
2025-06-03,services,large_10_to_25,2
2025-06-03,services,micro_under_0.3,5
2025-06-03,services,mid_2_to_10,3
2025-06-03,services,small_0.3_to_2,1
2025-06-03,software_data,mega_over_25,1
2025-06-03,software_data,small_0.3_to_2,3
2025-06-03,therapeutics,large_10_to_25,16
2025-06-03,therapeutics,mega_over_25,21
2025-06-03,therapeutics,micro_under_0.3,460
2025-06-03,therapeutics,mid_2_to_10,65
2025-06-03,therapeutics,small_0.3_to_2,157
2025-06-03,therapeutics,unknown,1
2025-06-03,tools,large_10_to_25,5
2025-06-03,tools,mega_over_25,3
2025-06-03,tools,micro_under_0.3,12
2025-06-03,tools,mid_2_to_10,6
2025-06-03,tools,small_0.3_to_2,9
2025-07-01,diagnostics,large_10_to_25,6
2025-07-01,diagnostics,mega_over_25,1
2025-07-01,diagnostics,micro_under_0.3,24
2025-07-01,diagnostics,mid_2_to_10,5
2025-07-01,diagnostics,small_0.3_to_2,11
2025-07-01,medtech,large_10_to_25,10
2025-07-01,medtech,mega_over_25,12
2025-07-01,medtech,micro_under_0.3,119
2025-07-01,medtech,mid_2_to_10,18
2025-07-01,medtech,small_0.3_to_2,39
2025-07-01,services,large_10_to_25,1
2025-07-01,services,mega_over_25,1
2025-07-01,services,micro_under_0.3,4
2025-07-01,services,mid_2_to_10,3
2025-07-01,services,small_0.3_to_2,2
2025-07-01,software_data,mega_over_25,1
2025-07-01,software_data,small_0.3_to_2,3
2025-07-01,therapeutics,large_10_to_25,16
2025-07-01,therapeutics,mega_over_25,21
2025-07-01,therapeutics,micro_under_0.3,447
2025-07-01,therapeutics,mid_2_to_10,62
2025-07-01,therapeutics,small_0.3_to_2,172
2025-07-01,therapeutics,unknown,1
2025-07-01,tools,large_10_to_25,5
2025-07-01,tools,mega_over_25,3
2025-07-01,tools,micro_under_0.3,11
2025-07-01,tools,mid_2_to_10,7
2025-07-01,tools,small_0.3_to_2,9
2025-08-01,diagnostics,large_10_to_25,4
2025-08-01,diagnostics,mega_over_25,1
2025-08-01,diagnostics,micro_under_0.3,24
2025-08-01,diagnostics,mid_2_to_10,6
2025-08-01,diagnostics,small_0.3_to_2,11
2025-08-01,medtech,large_10_to_25,9
2025-08-01,medtech,mega_over_25,12
2025-08-01,medtech,micro_under_0.3,120
2025-08-01,medtech,mid_2_to_10,19
2025-08-01,medtech,small_0.3_to_2,40
2025-08-01,medtech,unknown,1
2025-08-01,services,large_10_to_25,2
2025-08-01,services,mega_over_25,1
2025-08-01,services,micro_under_0.3,4
2025-08-01,services,mid_2_to_10,2
2025-08-01,services,small_0.3_to_2,2
2025-08-01,software_data,mega_over_25,1
2025-08-01,software_data,micro_under_0.3,1
2025-08-01,software_data,small_0.3_to_2,2
2025-08-01,therapeutics,large_10_to_25,15
2025-08-01,therapeutics,mega_over_25,21
2025-08-01,therapeutics,micro_under_0.3,433
2025-08-01,therapeutics,mid_2_to_10,70
2025-08-01,therapeutics,small_0.3_to_2,170
2025-08-01,therapeutics,unknown,1
2025-08-01,tools,large_10_to_25,4
2025-08-01,tools,mega_over_25,4
2025-08-01,tools,micro_under_0.3,12
2025-08-01,tools,mid_2_to_10,7
2025-08-01,tools,small_0.3_to_2,8
2025-09-03,diagnostics,large_10_to_25,6
2025-09-03,diagnostics,mega_over_25,1
2025-09-03,diagnostics,micro_under_0.3,23
2025-09-03,diagnostics,mid_2_to_10,5
2025-09-03,diagnostics,small_0.3_to_2,11
2025-09-03,diagnostics,unknown,1
2025-09-03,medtech,large_10_to_25,9
2025-09-03,medtech,mega_over_25,13
2025-09-03,medtech,micro_under_0.3,118
2025-09-03,medtech,mid_2_to_10,22
2025-09-03,medtech,small_0.3_to_2,39
2025-09-03,services,large_10_to_25,2
2025-09-03,services,mega_over_25,1
2025-09-03,services,micro_under_0.3,4
2025-09-03,services,mid_2_to_10,2
2025-09-03,services,small_0.3_to_2,2
2025-09-03,software_data,mega_over_25,1
2025-09-03,software_data,micro_under_0.3,1
2025-09-03,software_data,small_0.3_to_2,2
2025-09-03,therapeutics,large_10_to_25,14
2025-09-03,therapeutics,mega_over_25,21
2025-09-03,therapeutics,micro_under_0.3,422
2025-09-03,therapeutics,mid_2_to_10,78
2025-09-03,therapeutics,small_0.3_to_2,170
2025-09-03,tools,large_10_to_25,4
2025-09-03,tools,mega_over_25,4
2025-09-03,tools,micro_under_0.3,12
2025-09-03,tools,mid_2_to_10,6
2025-09-03,tools,small_0.3_to_2,9
2025-10-01,diagnostics,large_10_to_25,5
2025-10-01,diagnostics,mega_over_25,1
2025-10-01,diagnostics,micro_under_0.3,23
2025-10-01,diagnostics,mid_2_to_10,6
2025-10-01,diagnostics,small_0.3_to_2,13
2025-10-01,medtech,large_10_to_25,8
2025-10-01,medtech,mega_over_25,13
2025-10-01,medtech,micro_under_0.3,115
2025-10-01,medtech,mid_2_to_10,22
2025-10-01,medtech,small_0.3_to_2,43
2025-10-01,services,large_10_to_25,2
2025-10-01,services,mega_over_25,1
2025-10-01,services,micro_under_0.3,4
2025-10-01,services,mid_2_to_10,2
2025-10-01,services,small_0.3_to_2,2
2025-10-01,software_data,mega_over_25,1
2025-10-01,software_data,small_0.3_to_2,3
2025-10-01,therapeutics,large_10_to_25,18
2025-10-01,therapeutics,mega_over_25,21
2025-10-01,therapeutics,micro_under_0.3,403
2025-10-01,therapeutics,mid_2_to_10,79
2025-10-01,therapeutics,small_0.3_to_2,176
2025-10-01,therapeutics,unknown,1
2025-10-01,tools,large_10_to_25,4
2025-10-01,tools,mega_over_25,4
2025-10-01,tools,micro_under_0.3,12
2025-10-01,tools,mid_2_to_10,6
2025-10-01,tools,small_0.3_to_2,9
2025-11-01,diagnostics,large_10_to_25,6
2025-11-01,diagnostics,mega_over_25,2
2025-11-01,diagnostics,micro_under_0.3,22
2025-11-01,diagnostics,mid_2_to_10,4
2025-11-01,diagnostics,small_0.3_to_2,12
2025-11-01,medtech,large_10_to_25,8
2025-11-01,medtech,mega_over_25,13
2025-11-01,medtech,micro_under_0.3,119
2025-11-01,medtech,mid_2_to_10,24
2025-11-01,medtech,small_0.3_to_2,35
2025-11-01,services,large_10_to_25,2
2025-11-01,services,mega_over_25,1
2025-11-01,services,micro_under_0.3,4
2025-11-01,services,mid_2_to_10,2
2025-11-01,services,small_0.3_to_2,2
2025-11-01,software_data,mega_over_25,1
2025-11-01,software_data,small_0.3_to_2,3
2025-11-01,therapeutics,large_10_to_25,18
2025-11-01,therapeutics,mega_over_25,22
2025-11-01,therapeutics,micro_under_0.3,394
2025-11-01,therapeutics,mid_2_to_10,80
2025-11-01,therapeutics,small_0.3_to_2,178
2025-11-01,therapeutics,unknown,1
2025-11-01,tools,large_10_to_25,4
2025-11-01,tools,mega_over_25,4
2025-11-01,tools,micro_under_0.3,11
2025-11-01,tools,mid_2_to_10,6
2025-11-01,tools,small_0.3_to_2,10
2025-12-02,diagnostics,large_10_to_25,6
2025-12-02,diagnostics,mega_over_25,2
2025-12-02,diagnostics,micro_under_0.3,21
2025-12-02,diagnostics,mid_2_to_10,5
2025-12-02,diagnostics,small_0.3_to_2,13
2025-12-02,medtech,large_10_to_25,9
2025-12-02,medtech,mega_over_25,13
2025-12-02,medtech,micro_under_0.3,115
2025-12-02,medtech,mid_2_to_10,22
2025-12-02,medtech,small_0.3_to_2,38
2025-12-02,services,large_10_to_25,2
2025-12-02,services,mega_over_25,1
2025-12-02,services,micro_under_0.3,4
2025-12-02,services,mid_2_to_10,2
2025-12-02,services,small_0.3_to_2,2
2025-12-02,software_data,mega_over_25,1
2025-12-02,software_data,small_0.3_to_2,3
2025-12-02,therapeutics,large_10_to_25,20
2025-12-02,therapeutics,mega_over_25,23
2025-12-02,therapeutics,micro_under_0.3,381
2025-12-02,therapeutics,mid_2_to_10,85
2025-12-02,therapeutics,small_0.3_to_2,182
2025-12-02,therapeutics,unknown,1
2025-12-02,tools,large_10_to_25,4
2025-12-02,tools,mega_over_25,4
2025-12-02,tools,micro_under_0.3,11
2025-12-02,tools,mid_2_to_10,7
2025-12-02,tools,small_0.3_to_2,9
2026-01-01,diagnostics,large_10_to_25,5
2026-01-01,diagnostics,mega_over_25,2
2026-01-01,diagnostics,micro_under_0.3,20
2026-01-01,diagnostics,mid_2_to_10,6
2026-01-01,diagnostics,small_0.3_to_2,13
2026-01-01,diagnostics,unknown,1
2026-01-01,medtech,large_10_to_25,10
2026-01-01,medtech,mega_over_25,14
2026-01-01,medtech,micro_under_0.3,112
2026-01-01,medtech,mid_2_to_10,22
2026-01-01,medtech,small_0.3_to_2,38
2026-01-01,services,large_10_to_25,2
2026-01-01,services,mega_over_25,1
2026-01-01,services,micro_under_0.3,4
2026-01-01,services,mid_2_to_10,2
2026-01-01,services,small_0.3_to_2,2
2026-01-01,software_data,mega_over_25,1
2026-01-01,software_data,small_0.3_to_2,3
2026-01-01,therapeutics,large_10_to_25,22
2026-01-01,therapeutics,mega_over_25,23
2026-01-01,therapeutics,micro_under_0.3,365
2026-01-01,therapeutics,mid_2_to_10,79
2026-01-01,therapeutics,small_0.3_to_2,197
2026-01-01,therapeutics,unknown,1
2026-01-01,tools,large_10_to_25,4
2026-01-01,tools,mega_over_25,4
2026-01-01,tools,micro_under_0.3,12
2026-01-01,tools,mid_2_to_10,7
2026-01-01,tools,small_0.3_to_2,8
2026-02-03,diagnostics,large_10_to_25,6
2026-02-03,diagnostics,mega_over_25,2
2026-02-03,diagnostics,micro_under_0.3,19
2026-02-03,diagnostics,mid_2_to_10,6
2026-02-03,diagnostics,small_0.3_to_2,12
2026-02-03,diagnostics,unknown,1
2026-02-03,medtech,large_10_to_25,10
2026-02-03,medtech,mega_over_25,15
2026-02-03,medtech,micro_under_0.3,111
2026-02-03,medtech,mid_2_to_10,20
2026-02-03,medtech,small_0.3_to_2,39
2026-02-03,medtech,unknown,1
2026-02-03,services,large_10_to_25,3
2026-02-03,services,mega_over_25,1
2026-02-03,services,micro_under_0.3,4
2026-02-03,services,mid_2_to_10,1
2026-02-03,services,small_0.3_to_2,2
2026-02-03,software_data,mega_over_25,1
2026-02-03,software_data,small_0.3_to_2,3
2026-02-03,therapeutics,large_10_to_25,21
2026-02-03,therapeutics,mega_over_25,24
2026-02-03,therapeutics,micro_under_0.3,355
2026-02-03,therapeutics,mid_2_to_10,83
2026-02-03,therapeutics,small_0.3_to_2,197
2026-02-03,therapeutics,unknown,1
2026-02-03,tools,large_10_to_25,5
2026-02-03,tools,mega_over_25,4
2026-02-03,tools,micro_under_0.3,11
2026-02-03,tools,mid_2_to_10,7
2026-02-03,tools,small_0.3_to_2,8
2026-03-03,diagnostics,large_10_to_25,5
2026-03-03,diagnostics,mega_over_25,2
2026-03-03,diagnostics,micro_under_0.3,22
2026-03-03,diagnostics,mid_2_to_10,7
2026-03-03,diagnostics,small_0.3_to_2,10
2026-03-03,diagnostics,unknown,1
2026-03-03,medtech,large_10_to_25,11
2026-03-03,medtech,mega_over_25,14
2026-03-03,medtech,micro_under_0.3,109
2026-03-03,medtech,mid_2_to_10,20
2026-03-03,medtech,small_0.3_to_2,40
2026-03-03,medtech,unknown,1
2026-03-03,services,large_10_to_25,1
2026-03-03,services,mega_over_25,1
2026-03-03,services,micro_under_0.3,4
2026-03-03,services,mid_2_to_10,3
2026-03-03,services,small_0.3_to_2,2
2026-03-03,software_data,mega_over_25,1
2026-03-03,software_data,micro_under_0.3,1
2026-03-03,software_data,small_0.3_to_2,2
2026-03-03,therapeutics,large_10_to_25,18
2026-03-03,therapeutics,mega_over_25,25
2026-03-03,therapeutics,micro_under_0.3,349
2026-03-03,therapeutics,mid_2_to_10,83
2026-03-03,therapeutics,small_0.3_to_2,202
2026-03-03,therapeutics,unknown,2
2026-03-03,tools,large_10_to_25,3
2026-03-03,tools,mega_over_25,5
2026-03-03,tools,micro_under_0.3,12
2026-03-03,tools,mid_2_to_10,8
2026-03-03,tools,small_0.3_to_2,7
2026-04-01,diagnostics,large_10_to_25,3
2026-04-01,diagnostics,mega_over_25,2
2026-04-01,diagnostics,micro_under_0.3,22
2026-04-01,diagnostics,mid_2_to_10,8
2026-04-01,diagnostics,small_0.3_to_2,10
2026-04-01,medtech,large_10_to_25,11
2026-04-01,medtech,mega_over_25,13
2026-04-01,medtech,micro_under_0.3,110
2026-04-01,medtech,mid_2_to_10,20
2026-04-01,medtech,small_0.3_to_2,40
2026-04-01,medtech,unknown,1
2026-04-01,services,large_10_to_25,1
2026-04-01,services,mega_over_25,1
2026-04-01,services,micro_under_0.3,4
2026-04-01,services,mid_2_to_10,3
2026-04-01,services,small_0.3_to_2,2
2026-04-01,software_data,mega_over_25,1
2026-04-01,software_data,micro_under_0.3,1
2026-04-01,software_data,small_0.3_to_2,2
2026-04-01,therapeutics,large_10_to_25,18
2026-04-01,therapeutics,mega_over_25,25
2026-04-01,therapeutics,micro_under_0.3,362
2026-04-01,therapeutics,mid_2_to_10,86
2026-04-01,therapeutics,small_0.3_to_2,184
2026-04-01,therapeutics,unknown,2
2026-04-01,tools,large_10_to_25,2
2026-04-01,tools,mega_over_25,5
2026-04-01,tools,micro_under_0.3,11
2026-04-01,tools,mid_2_to_10,9
2026-04-01,tools,small_0.3_to_2,8
2026-05-01,diagnostics,large_10_to_25,3
2026-05-01,diagnostics,mega_over_25,2
2026-05-01,diagnostics,micro_under_0.3,22
2026-05-01,diagnostics,mid_2_to_10,8
2026-05-01,diagnostics,small_0.3_to_2,10
2026-05-01,medtech,large_10_to_25,10
2026-05-01,medtech,mega_over_25,13
2026-05-01,medtech,micro_under_0.3,111
2026-05-01,medtech,mid_2_to_10,21
2026-05-01,medtech,small_0.3_to_2,38
2026-05-01,medtech,unknown,1
2026-05-01,services,large_10_to_25,1
2026-05-01,services,mega_over_25,1
2026-05-01,services,micro_under_0.3,4
2026-05-01,services,mid_2_to_10,3
2026-05-01,services,small_0.3_to_2,2
2026-05-01,software_data,mega_over_25,1
2026-05-01,software_data,micro_under_0.3,1
2026-05-01,software_data,small_0.3_to_2,2
2026-05-01,therapeutics,large_10_to_25,18
2026-05-01,therapeutics,mega_over_25,27
2026-05-01,therapeutics,micro_under_0.3,350
2026-05-01,therapeutics,mid_2_to_10,88
2026-05-01,therapeutics,small_0.3_to_2,188
2026-05-01,therapeutics,unknown,3
2026-05-01,tools,large_10_to_25,2
2026-05-01,tools,mega_over_25,5
2026-05-01,tools,micro_under_0.3,11
2026-05-01,tools,mid_2_to_10,9
2026-05-01,tools,small_0.3_to_2,9
2026-06-02,diagnostics,large_10_to_25,3
2026-06-02,diagnostics,mega_over_25,2
2026-06-02,diagnostics,micro_under_0.3,23
2026-06-02,diagnostics,mid_2_to_10,7
2026-06-02,diagnostics,small_0.3_to_2,10
2026-06-02,medtech,large_10_to_25,10
2026-06-02,medtech,mega_over_25,13
2026-06-02,medtech,micro_under_0.3,108
2026-06-02,medtech,mid_2_to_10,21
2026-06-02,medtech,small_0.3_to_2,42
2026-06-02,medtech,unknown,1
2026-06-02,services,large_10_to_25,2
2026-06-02,services,mega_over_25,1
2026-06-02,services,micro_under_0.3,3
2026-06-02,services,mid_2_to_10,2
2026-06-02,services,small_0.3_to_2,3
2026-06-02,software_data,mega_over_25,1
2026-06-02,software_data,small_0.3_to_2,3
2026-06-02,therapeutics,large_10_to_25,22
2026-06-02,therapeutics,mega_over_25,24
2026-06-02,therapeutics,micro_under_0.3,347
2026-06-02,therapeutics,mid_2_to_10,74
2026-06-02,therapeutics,small_0.3_to_2,203
2026-06-02,therapeutics,unknown,2
2026-06-02,tools,large_10_to_25,4
2026-06-02,tools,mega_over_25,4
2026-06-02,tools,micro_under_0.3,10
2026-06-02,tools,mid_2_to_10,8
2026-06-02,tools,small_0.3_to_2,10
2026-07-01,diagnostics,large_10_to_25,4
2026-07-01,diagnostics,mega_over_25,2
2026-07-01,diagnostics,micro_under_0.3,22
2026-07-01,diagnostics,mid_2_to_10,5
2026-07-01,diagnostics,small_0.3_to_2,12
2026-07-01,medtech,large_10_to_25,10
2026-07-01,medtech,mega_over_25,14
2026-07-01,medtech,micro_under_0.3,108
2026-07-01,medtech,mid_2_to_10,21
2026-07-01,medtech,small_0.3_to_2,40
2026-07-01,services,large_10_to_25,3
2026-07-01,services,mega_over_25,1
2026-07-01,services,micro_under_0.3,2
2026-07-01,services,mid_2_to_10,1
2026-07-01,services,small_0.3_to_2,3
2026-07-01,software_data,mega_over_25,1
2026-07-01,software_data,small_0.3_to_2,3
2026-07-01,therapeutics,large_10_to_25,24
2026-07-01,therapeutics,mega_over_25,25
2026-07-01,therapeutics,micro_under_0.3,343
2026-07-01,therapeutics,mid_2_to_10,92
2026-07-01,therapeutics,small_0.3_to_2,188
2026-07-01,therapeutics,unknown,1
2026-07-01,tools,large_10_to_25,2
2026-07-01,tools,mega_over_25,7
2026-07-01,tools,micro_under_0.3,11
2026-07-01,tools,mid_2_to_10,7
2026-07-01,tools,small_0.3_to_2,9
2026-08-01,diagnostics,large_10_to_25,1
2026-08-01,diagnostics,mega_over_25,4
2026-08-01,diagnostics,micro_under_0.3,24
2026-08-01,diagnostics,mid_2_to_10,8
2026-08-01,diagnostics,small_0.3_to_2,9
2026-08-01,medtech,large_10_to_25,10
2026-08-01,medtech,mega_over_25,14
2026-08-01,medtech,micro_under_0.3,106
2026-08-01,medtech,mid_2_to_10,20
2026-08-01,medtech,small_0.3_to_2,41
2026-08-01,services,large_10_to_25,3
2026-08-01,services,mega_over_25,1
2026-08-01,services,micro_under_0.3,3
2026-08-01,services,mid_2_to_10,1
2026-08-01,services,small_0.3_to_2,2
2026-08-01,software_data,mega_over_25,1
2026-08-01,software_data,small_0.3_to_2,3
2026-08-01,therapeutics,large_10_to_25,22
2026-08-01,therapeutics,mega_over_25,23
2026-08-01,therapeutics,micro_under_0.3,353
2026-08-01,therapeutics,mid_2_to_10,88
2026-08-01,therapeutics,small_0.3_to_2,183
2026-08-01,therapeutics,unknown,1
2026-08-01,tools,large_10_to_25,3
2026-08-01,tools,mega_over_25,6
2026-08-01,tools,micro_under_0.3,11
2026-08-01,tools,mid_2_to_10,7
2026-08-01,tools,small_0.3_to_2,9
2026-09-01,diagnostics,large_10_to_25,2
2026-09-01,diagnostics,mega_over_25,4
2026-09-01,diagnostics,micro_under_0.3,20
2026-09-01,diagnostics,mid_2_to_10,8
2026-09-01,diagnostics,small_0.3_to_2,12
2026-09-01,medtech,large_10_to_25,11
2026-09-01,medtech,mega_over_25,14
2026-09-01,medtech,micro_under_0.3,102
2026-09-01,medtech,mid_2_to_10,22
2026-09-01,medtech,small_0.3_to_2,42
2026-09-01,services,large_10_to_25,3
2026-09-01,services,mega_over_25,1
2026-09-01,services,micro_under_0.3,2
2026-09-01,services,mid_2_to_10,1
2026-09-01,services,small_0.3_to_2,3
2026-09-01,software_data,mega_over_25,1
2026-09-01,software_data,small_0.3_to_2,3
2026-09-01,therapeutics,large_10_to_25,20
2026-09-01,therapeutics,mega_over_25,28
2026-09-01,therapeutics,micro_under_0.3,345
2026-09-01,therapeutics,mid_2_to_10,103
2026-09-01,therapeutics,small_0.3_to_2,179
2026-09-01,tools,large_10_to_25,5
2026-09-01,tools,mega_over_25,6
2026-09-01,tools,micro_under_0.3,12
2026-09-01,tools,mid_2_to_10,6
2026-09-01,tools,small_0.3_to_2,7
2026-10-01,diagnostics,large_10_to_25,2
2026-10-01,diagnostics,mega_over_25,4
2026-10-01,diagnostics,micro_under_0.3,19
2026-10-01,diagnostics,mid_2_to_10,8
2026-10-01,diagnostics,small_0.3_to_2,13
2026-10-01,medtech,large_10_to_25,10
2026-10-01,medtech,mega_over_25,13
2026-10-01,medtech,micro_under_0.3,101
2026-10-01,medtech,mid_2_to_10,22
2026-10-01,medtech,small_0.3_to_2,44
2026-10-01,services,large_10_to_25,3
2026-10-01,services,mega_over_25,1
2026-10-01,services,micro_under_0.3,2
2026-10-01,services,mid_2_to_10,1
2026-10-01,services,small_0.3_to_2,3
2026-10-01,software_data,mega_over_25,1
2026-10-01,software_data,mid_2_to_10,1
2026-10-01,software_data,small_0.3_to_2,2
2026-10-01,therapeutics,large_10_to_25,16
2026-10-01,therapeutics,mega_over_25,27
2026-10-01,therapeutics,micro_under_0.3,357
2026-10-01,therapeutics,mid_2_to_10,92
2026-10-01,therapeutics,small_0.3_to_2,178
2026-10-01,tools,large_10_to_25,6
2026-10-01,tools,mega_over_25,7
2026-10-01,tools,micro_under_0.3,12
2026-10-01,tools,mid_2_to_10,4
2026-10-01,tools,small_0.3_to_2,7
2026-10-09,diagnostics,large_10_to_25,2
2026-10-09,diagnostics,mega_over_25,4
2026-10-09,diagnostics,micro_under_0.3,20
2026-10-09,diagnostics,mid_2_to_10,8
2026-10-09,diagnostics,small_0.3_to_2,12
2026-10-09,medtech,large_10_to_25,9
2026-10-09,medtech,mega_over_25,13
2026-10-09,medtech,micro_under_0.3,101
2026-10-09,medtech,mid_2_to_10,22
2026-10-09,medtech,small_0.3_to_2,44
2026-10-09,medtech,unknown,1
2026-10-09,services,large_10_to_25,3
2026-10-09,services,mega_over_25,1
2026-10-09,services,micro_under_0.3,2
2026-10-09,services,mid_2_to_10,1
2026-10-09,services,small_0.3_to_2,3
2026-10-09,software_data,mega_over_25,1
2026-10-09,software_data,mid_2_to_10,1
2026-10-09,software_data,small_0.3_to_2,1
2026-10-09,therapeutics,large_10_to_25,18
2026-10-09,therapeutics,mega_over_25,26
2026-10-09,therapeutics,micro_under_0.3,364
2026-10-09,therapeutics,mid_2_to_10,83
2026-10-09,therapeutics,small_0.3_to_2,179
2026-10-09,tools,large_10_to_25,4
2026-10-09,tools,mega_over_25,7
2026-10-09,tools,micro_under_0.3,12
2026-10-09,tools,mid_2_to_10,5
2026-10-09,tools,small_0.3_to_2,7
