ticker,line,line_type,problem_and_user,payer_and_channel,period,revenue_usd_m,demand_units,demand_unit,protection_end,protection_basis,licensor,licensor_take,substitutes,moat_grade,moat_trend,evidence_class,available_at,source_url,note
HROW,VEVYE,branded_rx,"Dry eye disease, signs and symptoms; chronic twice-daily drop",Commercial plans via PBM formularies; Part D; retail pharmacy; copay card,Q2 2026,29.4,,TRx,2037-09-22,"US 10,813,976 (ciclosporin in perfluorobutylpentane); last listed patent US 12,059,449 to 2042-04 per aggregators",Novaliq GmbH,"low double-digit royalty on net sales plus commercial milestones","Generic cyclosporine 0.05% (since 2022), Restasis, Cequa, Xiidra, Miebo, Tyrvaya, Tryptyr (Alcon, launched 2025)",narrow,stable,unverified,2026-08-10,https://www.nasdaq.com/press-release/harrow-announces-second-quarter-2026-financial-results-2026-08-10,"FY2025 revenue 88.7; 14.6% of branded dry eye TRx at end of June 2026 (IQVIA per company); Q1 2026 20.9 after an 8M gross-to-net hit; company says 2026 revenue over 100M (G)"
HROW,IHEEZO,branded_physician_administered,"Ocular surface anesthesia before procedures; 82% of Q1 2026 units from retina accounts (intravitreal injections)","Medicare Part B buy-and-bill in physician offices (J2403, ASP plus 6%); ASC use packaged after pass-through ended 2026-04-01",Q2 2026,15.6,65477,units,2038-01-01,Orange Book patent to 2038 per Harrow (month not verified; Jan 1 used as conservative),Sintetica SA,"per-unit transfer price plus per-unit royalty; up to 18M milestones",Generic proparacaine and tetracaine drops; lidocaine gel (Akten); compounded anesthetics,narrow,eroding,unverified,2026-08-10,https://www.marketbeat.com/instant-alerts/harrow-q2-earnings-call-highlights-2026-08-11/,"FY2025 revenue 81.3 with Q4 2025 at 35.9 then Q1 2026 at 1.9: channel loading ahead of pass-through expiry; Q2 2026 revenue mostly stocking of a new five-pack; 25% net price increase effective 2026-07-01 (G)"
HROW,TRIESENCE and specialty portfolio,branded_mixed,"TRIESENCE: triamcinolone for visualization during vitrectomy and ocular inflammation; plus older acquired branded products",Facility and physician purchase; Part B; retail for older brands,Q2 2026,11.0,14529,TRIESENCE units,,"No listed patent assumed for TRIESENCE (old NDA); barrier is sterile manufacturing and approved status",Novartis (acquired outright 2023),"none after purchase","Compounded triamcinolone; Xipere (suprachoroidal); generic steroids",narrow,widening,unverified,2026-08-10,https://www.investing.com/news/company-news/harrow-q2-2026-slides-strong-demand-growth-amid-profitability-push-93CH-4851874,"Line not broken out by product; TRIESENCE FY2025 9.9 (+193%); company long-run ambition about 100M a year (G, undated); units +162% yoy in Q2 2026"
HROW,ImprimisRx compounded portfolio,compounded,"Compounded ophthalmic formulations for surgeons (perioperative drops)",Cash and facility purchase direct from Harrow pharmacy,Q2 2026,14.6,,,,"None: compounding has no exclusivity; barrier is pharmacy licences and surgeon relationships",,,"Other 503A and 503B pharmacies; branded and generic drops",narrow,stable,unverified,2026-08-10,https://www.nasdaq.com/press-release/harrow-announces-second-quarter-2026-financial-results-2026-08-10,"2026 guide 60-65M (G); Q1 2026 13.5 after inventory constraints; Q4 2025 hit by an ImprimisRx revenue impact"
HROW,BYOOVIZ and OPUVIZ,biosimilar,"Wet AMD and other retinal disease; biosimilars of Lucentis and Eylea",Part B buy-and-bill in retina practices,Q2 2026,0.0,,,,"Biosimilar: no exclusivity against other biosimilars",Samsung Bioepis,"share of US net sales plus sales milestones; 4M upfront paid 2026-02",Lucentis and Eylea originators; other ranibizumab and aflibercept biosimilars; bevacizumab off-label,none,stable,unverified,2026-07-01,https://www.businesswire.com/news/home/20260701576499/en,"BYOOVIZ relaunched under Harrow 2026-07-01; modest stocking revenue in Q2; OPUVIZ US launch not confirmed"
HROW,BYQLOVI,branded_rx,"Post-operative inflammation and pain after ocular surgery (clobetasol 0.05%)",Commercial and Part D via pharmacy,Q2 2026,0.0,,,,"Not checked",Formosa Pharmaceuticals,undisclosed,"Generic and branded ophthalmic steroids and NSAIDs",none,stable,unverified,2025-06-09,https://www.businesswire.com/news/home/20250609515264/en/harrow-acquires-u.s.-commercial-rights-to-byqlovi%e2%84%a2-clobetasol-propionate-ophthalmic-suspension-0.05-from-formosa-pharmaceuticals,"Launch moved from Q4 2025 (G at signing) to mid-2026 (G in FY2025 10-K)"
MRLN,US government development and integration,development_services,"Autonomy development for military aircraft (C-130J for USSOCOM under a 105M-ceiling IDIQ; KC-135 prototype work)",Funded task orders under government contracts,Q2 2026,2.13,,,,"No legal exclusivity; incumbency on the SOCOM IDIQ",,,"Reliable Robotics, Shield AI, Anduril, Sikorsky MATRIX, prime in-house programs",narrow,stable,unverified,2026-08-13,https://www.sec.gov/Archives/edgar/data/0002028707/000162828026056882/mrln-20260630.htm,"Delivering this work cost slightly more than it earned (AIN, U); CDR completed 2026-06-04; no C-130J airframe designated yet for integration (U)"
MRLN,Commercial and non-US government,development_services,"Civil autonomy work and foreign government customers",Contracts,Q2 2026,0.06,,,,"None",,,"Reliable Robotics (Part 23 Caravan, FAA target 2028 per press), Garmin Autoland (certified emergency autoland)",none,eroding,unverified,2026-08-13,https://www.sec.gov/Archives/edgar/data/0002028707/000162828026056882/mrln-20260630.htm,"New Zealand small-aircraft STC withdrawn 2026-09-09 one month after SOI 3; large-aircraft (Part 25) basis undated"
MRLN,Merlin Pilot per-aircraft licence (target model),software_licence,"Reduced-crew or autonomous flight retrofit for large aircraft and military fleets",Per-tail integration fee plus recurring licence and support,Q2 2026,0.0,,,,"Would rest on certification precedent; none obtained",,,"Same as above",none,stable,own_assumption,2026-08-13,https://www.crossroadscap.io/insights/the-long-duration-case-for-merlin-labs,"Third-party summary of management comments: about 3M integration plus 2M a year per tail (U); licensing starts only after certification and fleet entry (call, U)"
HROW,TYRVAYA,branded_rx,Dry eye disease; varenicline nasal spray that stimulates natural tear production,Commercial plans via PBM; Part D; retail pharmacy,Q2 2026,0.0,,,,Not checked (Orange Book to pull),Viatris (acquired outright; Japan royalty flows to Harrow),none after purchase; up to 70M sales milestones,Same dry eye field as VEVYE,narrow,stable,unverified,2026-08-07,https://www.ophthalmologytimes.com/view/harrow-acquires-global-rights-to-tyrvaya,Closed in H2 2026; about 40 Viatris staff join Harrow's ocular surface team in Q4 2026; over 30M revenue expected in 2027 (G)
