ticker,basis,period,low_usd_m,high_usd_m,value_usd_m,yoy_growth,growth_basis,available_at,evidence_class,verified_against_primary,source_url,note
TWST,guidance,FY2026 (fiscal year ends Sep 30),456,457,456.5,0.23,FQ3 2026 revenue yoy,2026-08-03,management_guidance,false,https://www.rttnews.com/3682164/twist-bioscience-twst-q3-revenue-jumps-23-as-fy2026-guidance-raised.aspx,"8-K exhibit: https://www.sec.gov/Archives/edgar/data/0001581280/000158128026000044/twst-2026630xex991.htm; FQ3 gross margin 52.8%"
TXG,guidance,FY2026,610,630,620,0.035,"Q2 2026 yoy ex settlement revenue 3%; FY guide implies 2-5% ex settlement",2026-08-06,management_guidance,false,https://investors.10xgenomics.com/news/news-details/2026/10x-Genomics-Reports-Second-Quarter-2026-Financial-Results/default.aspx,Q2 operating loss USD 19.6M; gross margin 74%
DNA,run_rate,Q2 2026 x 4,,,80,-0.48,Q2 2026 revenue yoy,2026-08-05,unverified,false,https://www.panabee.com/news/ginkgo-bioworks-earnings-q2-2026,"Cash USD 302M plus 87M restricted; 2026 cash burn guide USD 125-150M"
ILMN,guidance,FY2026,4600,4640,4620,0.095,Q2 2026 revenue yoy,2026-07-30,management_guidance,false,https://www.genomeweb.com/sequencing/illumina-raises-2026-guidance-after-q2-results-exceed-expectations,available_at approximate; non-GAAP operating margin 22.5%
PACB,guidance,FY2026,155,165,160,-0.02,Q2 2026 revenue yoy (39.0 vs 39.8),2026-08-05,management_guidance,false,https://www.barchart.com/story/news/3676967/pacbio-nasdaqpacb-reports-sales-below-analyst-estimates-in-q2-cy2026-earnings,Guide lowered from 165-175; CEO change
TEM,guidance,FY2026,1595,1605,1600,0.22,Q2 2026 revenue yoy,2026-07-30,management_guidance,false,https://www.tempus.com/news/pr/tempus-reports-second-quarter-2026-results/,Adjusted EBITDA guide about USD 65M; data licensing revenue +36%
GRAL,run_rate,Q2 2026 x 4,,,178.8,0.26,Q2 2026 revenue yoy,2026-08-05,unverified,false,https://grail.com/press-releases/grail-reports-second-quarter-2026-financial-results/,"No revenue guidance; cash USD 861.6M; FDA decision expected early 2027 (G)"
ADPT,guidance,FY2026 MRD revenue only,268,278,273,0.33,Q2 2026 MRD revenue yoy,2026-07-29,management_guidance,false,https://www.biospace.com/press-releases/adaptive-biotechnologies-reports-second-quarter-2026-financial-results,MRD is 92% of revenue so P/S on this base overstates by about 8%
GH,guidance,FY2026,1340,1360,1350,0.44,Q2 2026 revenue yoy,2026-07-30,management_guidance,false,https://www.biospace.com/press-releases/guardant-health-reports-second-quarter-2026-financial-results-and-increases-2026-revenue-guidance,Screening revenue USD 52.9M in Q2
NTRA,guidance,FY2026,2850,2910,2880,0.377,Q2 2026 revenue yoy,2026-08-06,management_guidance,false,https://secure.businesswire.com/news/home/20260806933033/en/Natera-Reports-Second-Quarter-2026-Financial-Results,
CDNA,guidance,FY2026,490,500,495,0.52,Q2 2026 revenue yoy (includes NavDx acquisition),2026-07-30,management_guidance,false,https://genomeweb.com/business-news/caredx-raises-2026-revenue-guidance-following-strong-q2-results,Acquisition inflates reported growth; testing volume +17%
VCYT,guidance,FY2026,590,596,593,0.15,Q2 2026 revenue yoy,2026-07-30,management_guidance,false,https://investor.veracyte.com/node/17861,
SDGR,run_rate,Q2 2026 x 4,,,235.6,0.08,Q2 2026 revenue yoy,,unverified,false,https://www.gurufocus.com/news/9009674/schrodinger-inc-sdgr-q2-2026-earnings-call-highlights-acv-surges-27-on-bunsen-launch-and-strong-drug-discovery-milestones,"ACV guide USD 218-228M and drug discovery guide 65-75M; milestones make quarters lumpy"
CERT,run_rate,Q2 2026 x 4,,,373.2,0.01,Q2 2026 revenue yoy,2026-08-04,unverified,false,https://www.certara.com/pressrelease/certara-reports-second-quarter-2026-financial-results/,FY2026 growth guide 0-4%
RXRX,run_rate,Q2 2026 x 4,,,30.8,-0.6,Q2 2026 revenue yoy,,unverified,false,https://www.panabee.com/news/recursion-pharmaceuticals-earnings-q2-2026,Partnership revenue is lumpy; value rests on pipeline
IOVA,guidance,FY2026,410,420,415,0.66,Q2 2026 product revenue yoy,2026-09-29,management_guidance,false,https://www.benzinga.com/markets/guidance/26/09/62059046/iovance-biotherapeutics-amtagvi-demand-drives-2026-revenue-guidance-bump-stock-soars,"Q2 revenue USD 99.3M, gross margin 56%, cash USD 304M, runway into 2H 2028 (G)"
HROW,guidance,FY2026,350,365,357.5,0.11,Q2 2026 revenue yoy,2026-08-11,management_guidance,false,https://www.marketbeat.com/instant-alerts/harrow-q2-earnings-call-highlights-2026-08-11/,"H1 revenue about USD 115M; guide implies H2 USD 235-250M; adjusted EBITDA guide 80-100M"
ETON,guidance,FY2026 (more than),145,,145,0.99,Q2 2026 revenue yoy (HEMANGEOL acquisition included),2026-08-13,management_guidance,false,https://www.barchart.com/story/news/3837934/eton-pharmaceuticals-reports-second-quarter-2026-financial-results,"Guide raised from more than 120M; adjusted EBITDA margin at least 35%; growth largely acquired"
MDGL,run_rate,Q2 2026 x 4,,,1457.2,0.71,Q2 2026 Rezdiffra net sales yoy,,unverified,false,https://www.biospace.com/press-releases/madrigal-pharmaceuticals-reports-second-quarter-2026-financial-results-and-provides-corporate-updates,
INSM,guidance,FY2026 (BRINSUPRI 1250-1400 plus ARIKAYCE 450-470),1700,1870,1785,,BRINSUPRI launched 2025; no clean yoy,2026-08-06,management_guidance,false,https://www.barchart.com/story/news/3687658/insmed-reports-second-quarter-2026-financial-results-and-provides-business-update,Q2 total revenue USD 425.5M
TARS,guidance,FY2026 XDEMVY,685,705,695,0.69,Q2 2026 XDEMVY net sales yoy,2026-08-06,management_guidance,false,https://www.biospace.com/press-releases/tarsus-reports-second-quarter-2026-financial-results-advances-next-phase-of-growth,
KRYS,run_rate,Q2 2026 x 4,,,476.8,0.24,Q2 2026 VYJUVEK revenue yoy,2026-08-03,unverified,false,https://www.biospace.com/press-releases/krystal-biotech-announces-second-quarter-2026-financial-and-operating-results,Gross margin 95%
AXSM,run_rate,Q2 2026 x 4,,,873.6,0.46,Q2 2026 net product revenue yoy,2026-08-10,unverified,false,https://www.globenewswire.com/news-release/2026/08/10/3341699/33090/en/index.html,AUVELITY Alzheimer's agitation launch June 2026
CYTK,run_rate,Q2 2026 x 4,,,101.2,,MYQORZO launched 2026; no yoy,2026-08-06,unverified,false,https://ir.cytokinetics.com/press-releases/press-release-details/2026/Cytokinetics-Reports-Second-Quarter-2026-Financial-Results-and-Provides-Business-Update/default.aspx,"1,500 patients dispensed in Q2 vs 400 in Q1; run rate understates a steep ramp"
MIRM,guidance,FY2026,680,700,690,0.38,Q2 2026 revenue yoy,2026-08-05,management_guidance,false,https://www.panabee.com/news/mirum-pharmaceuticals-earnings-q2-2026,Volixibat regulatory delay
ADMA,guidance,FY2026,530,560,545,,Guide cut from more than 635M; yoy not found,2026-08-05,management_guidance,false,https://www.marketbeat.com/instant-alerts/adma-biologics-q2-earnings-call-highlights-2026-08-05/,IG pricing pressure and channel inventory
LQDA,run_rate,Q2 2026 x 4,,,686.8,,YUTREPIA launched June 2025; no clean yoy,2026-08-12,unverified,false,https://www.marketbeat.com/instant-alerts/liquidia-q2-earnings-call-highlights-2026-08-12/,"Pre-ruling base: on 2026-09-30 a Delaware court found infringement of two UTHR '327 claims (PH-ILD); stock -57% that day; appeal planned"
TVTX,run_rate,Q2 2026 x 4,,,645.6,0.70,Q2 2026 US net product sales yoy,2026-08-04,unverified,false,https://www.biospace.com/press-releases/travere-therapeutics-reports-second-quarter-2026-financial-results,FSGS label added April 2026
ARDX,guidance,FY2026 (IBSRELA 350-370 plus XPHOZAH 110-120),460,490,475,0.31,Q2 2026 product revenue yoy,2026-08-06,management_guidance,false,https://www.barchart.com/story/news/3701917/ardelyx-reports-second-quarter-2026-financial-results-and-provides-business-update,IBSRELA guide revised for payer utilization management
SPRY,run_rate,Q2 2026 x 4,,,134.8,1.15,Q2 2026 total revenue yoy,2026-08-13,unverified,false,https://www.rttnews.com/3681550/ars-pharma-refocuses-strategy-as-q2-revenue-hits-33-7m.aspx,neffy US share 5%; cost cuts
RYTM,run_rate,Q2 2026 x 4,,,285.2,0.47,Q2 2026 IMCIVREE revenue yoy,2026-08-04,unverified,false,https://www.biospace.com/press-releases/rhythm-pharmaceuticals-reports-second-quarter-2026-financial-results-and-business-update,Hypothalamic obesity label approved 2026-03-19; run rate understates the ramp
