case_id,role,ticker,t0,code,available_at,date_precision,description,evidence_class,source_url
TK-2026-01,case,PCRX,2026-10-08,F2,2025-07-01,year,"2025 EXPAREL patent settlement licenses volume-limited generic entry from a confidential date in early 2030; day of announcement not checked",unverified,https://www.tipranks.com/news/the-fly/pacira-announces-settlement-of-u-s-patent-litigation-for-exparel
TK-2026-01,case,PCRX,2026-10-08,F2,2025-10-15,month,"New Paragraph IV filers against EXPAREL patents reported in October 2025",unverified,https://www.sec.gov/Archives/edgar/data/0001396814/000162828026028871/pcrx-20260331.htm
TK-2026-01,case,PCRX,2026-10-08,C1,2026-05-12,day,"DOMA Perpetual definitive proxy for three nominees and a demand to review strategic alternatives including a sale; management's nominees won on 2026-06-09",unverified,https://finviz.com/news/356032/doma-perpetual-director-nominees-send-letter-to-shareholders-of-pacira-biosciences
TK-2026-03,case,CRNX,2026-07-06,A3,2025-09-25,month,"FDA approval of PALSONIFY (paltusotine) for acromegaly; recall, day not checked",unverified,
TK-2026-10,case,VTYX,2026-01-07,B2,2024-08-15,month,"Sanofi equity investment with a right of first negotiation on VTX3232; recall, verify terms and date (the ROFN holder did not buy)",unverified,
TK-2026-10,case,VTYX,2026-01-07,B1,2024-08-15,month,"Same Sanofi agreement: right of first negotiation on VTX3232; recall",unverified,
TK-2026-10,case,VTYX,2026-01-07,A7,2025-10-15,month,"Positive Phase 2 data for VTX3232 in October 2025, followed by outreach to 16 large biopharma companies",unverified,https://www.tipranks.com/news/company-announcements/ventyx-faces-eli-lilly-acquisition-delisting-and-litigation
TK-2026-10,case,VTYX,2026-01-07,B5,2026-01-06,day,"Wall Street Journal reported advanced talks with Lilly; the stock closed up 28.5% and the deal came the next day at a 2% premium to that close",unverified,https://news.bloomberglaw.com/private-equity/lilly-nearing-1-billion-deal-with-biotech-ventyx-wsj-says-2
TK-2026-15,case,SLNO,2026-04-06,A3,2025-03-26,month,"FDA approval of VYKAT XR for hyperphagia in Prader-Willi syndrome; recall, day not checked",unverified,
TK-2026-15,case,SLNO,2026-04-06,A4,2026-02-26,month,"Full-year 2025 VYKAT XR revenue about USD 190M in its first launch year; release date not checked",unverified,https://www.thepharmaletter.com/biotech-news/neurocrine-expands-portfolio-with-buy-of-soleno-therapeutics
TK-2026-15,case,SLNO,2026-04-06,I1,2025-08-15,month,"Short-seller report on Soleno and VYKAT XR safety in 2025; recall, author and date not checked",unverified,
